URL,UC Code,Language,Niche
https://www.youtube.com/@WildWestTales12,UCh4J5xCU5XTjP-PNZj_In0A,English,Old West & Cowboy Tales
https://www.youtube.com/@oldweststoriees,UC3550wKwq7Gr0DZAdo6Y3Nw,English,Old West & Cowboy Tales
https://www.youtube.com/@WildWestDiaries-2987,UCvHqJr4ANp_eEoiUj-1s4rQ,English,Old West & Cowboy Tales
https://www.youtube.com/@wildwestlovestory7,UCwuaGP_CslyF05QtEh_Df9Q,English,Old West & Cowboy Tales
https://www.youtube.com/@Golden_Hour_West,UCjbWGHMRw2dLmvfvlIUWlow,English,Old West & Cowboy Tales
https://www.youtube.com/@AwesomeTalesofIndia,UC9XxxLBISw5yW0UPzHGGAZg,English,Old West & Cowboy Tales
https://www.youtube.com/@EpicOldWestStories,UCdIit8D4nD3ta3pzR-op5yw,English,Old West & Cowboy Tales
https://www.youtube.com/@IronDust-j5j,UCPt0KN3Gx_pMmBLkhbGHdeQ,English,Old West & Cowboy Tales
https://www.youtube.com/@Weststories12,UCmEFaJUmYISd9rJnDDehsHw,English,Mixed / General Storytelling
https://www.youtube.com/@LegendariosdelNorte,UC9WrVVoqdMRcZsh0V_5A-ZA,English,Old West & Cowboy Tales
https://www.youtube.com/@CuentosdeFrontera,UCm-VTO6WkYnJLO0peYaCxlg,English,Old West & Cowboy Tales
https://www.youtube.com/@WildWestLoveStories1,UCba8xD_Mdie4Nhs1_tJ2QXA,English,Old West & Cowboy Tales
https://www.youtube.com/@WesternSoulsUncovered,UC5T2N-m7B1RfgUqkfwQlr_A,English,Old West & Cowboy Tales
https://www.youtube.com/@wildwest10,UCwggZplJbbhhNti5wNyBOQg,English,Old West & Cowboy Tales
https://www.youtube.com/@EchoesOfTheWest2,UC-k42aeT67waeUtYSQ7uVrQ,English,Old West & Cowboy Tales
https://www.youtube.com/@secretsofthewildwest1,UCQBJ8DJPuhg1AnSLtc8ABZg,English,Old West & Cowboy Tales
https://www.youtube.com/@Six-ShooterFilms,UC9yLEdG-Ip4nWP7JCqHKpUw,English,Old West & Cowboy Tales
https://www.youtube.com/@FrontierReverie,UCUHOnG0Asyg6zTmy6tNS7LA,English,Old West & Cowboy Tales
https://www.youtube.com/@wildEchoLegends,UCyb8H6ooaNjgS76VHXpfJYQ,English,Old West & Cowboy Tales
https://www.youtube.com/@wildwestwhispers777,UCIt4lK8ThT-UQVQVJDh7CkA,English,Old West & Cowboy Tales
https://www.youtube.com/@westfarmerslovetales1,UCACdGTV9P1Sq2DkClIzVuSw,English,Old West & Cowboy Tales
https://www.youtube.com/@DustPistols,UCFVW-PRvn-LD7YzaieHoDrA,English,Old West & Cowboy Tales
https://www.youtube.com/@BeneathWesternSkies,UCX7BSWBt6lK-_hB-8H7qicg,English,Old West & Cowboy Tales
https://www.youtube.com/@theforgottenwest,UCmnDX5KwG5M5WFdd7CHArsg,English,Old West & Cowboy Tales
https://www.youtube.com/@wildwestlakota,UCd98I5Qff_-XURRW8EZ4CIQ,English,Old West & Cowboy Tales
https://www.youtube.com/@oldtexasscare,UCmkeyuWMs450EyUfmT_QqAg,English,Old West & Cowboy Tales
https://www.youtube.com/@WesternStories-r5r,UCLdMdiWb1zUn7rgLy_I0HxQ,English,Old West & Cowboy Tales
https://www.youtube.com/@WildWestLove-m7b,UCyvhCKGo7xEfjfB5cbzfzOg,English,Old West & Cowboy Tales
https://www.youtube.com/@PrairieTales1,UCyCRdYDFgAx5CQRBqpUoGXw,English,Old West & Cowboy Tales
https://www.youtube.com/@RevengeDismantled,UCzyLCmADCRqwOkldQsszDiw,English,Revenge & Justice Stories
https://www.youtube.com/@BloodTiesandBetrayals,UC9e5JK8OVs-6aaxV1tXBJZg,English,Revenge & Justice Stories
https://www.youtube.com/@HiddenFamilyRevengeStories,UCixEtE28eYPDhodM75FLvqA,English,Revenge & Justice Stories
https://www.youtube.com/@RevengeEcho86,UCSovPAylW2pGzrpmObiDiiA,English,Revenge & Justice Stories
https://www.youtube.com/@revengeactually,UCi6uocJ2jgjOI20mT9lSx8A,English,Revenge & Justice Stories
https://www.youtube.com/@DoseOfRevenge,UClM6A56xW956p9qUMoRXUxg,English,Revenge & Justice Stories
https://www.youtube.com/@KarmaComesKnocking-m4u,UCxG3JqY9FI_GWoQ_Q8_vOOA,English,Revenge & Justice Stories
https://www.youtube.com/@Venganzawar,UCxKljfC5ZiiAhEkBFTg9YIQ,Spanish,Revenge & Justice Stories
https://www.youtube.com/@Destinos-Historias,UCM_Yjlbo16tOZvPQBS78Kig,Spanish,Revenge & Justice Stories
https://www.youtube.com/@RevengeCorner,UCZrbNwdG0Y5wVfLz0kpOioA,English,Revenge & Justice Stories
https://www.youtube.com/@EchoesofJustice-t7u,UCT1xFpnx8atMWwgGiGQTD-g,English,Revenge & Justice Stories
https://www.youtube.com/@revengevrustousa,UCKu9V7K_U10gH46xrMdDM-w,English,Revenge & Justice Stories
https://www.youtube.com/@RecoilStories,UCQ8lRhrm2sXzEyXyh6r88Pg,English,Revenge & Justice Stories
https://www.youtube.com/@TH-RevengeStories,UCZJOEqLQMyz21lXe8DVSaYg,English,Revenge & Justice Stories
https://www.youtube.com/@RevengeGlow,UCCFyy4tFUt3fQy0hJd7bHxQ,English,Revenge & Justice Stories
https://www.youtube.com/@Karmabuzz,UC7LnwWzRlWYxTDm210gdPNw,English,Revenge & Justice Stories
https://www.youtube.com/@RanchRevenge,UCjLMED7KTp6LWjDBIOZV6xg,English,Revenge & Justice Stories
https://www.youtube.com/@RoadofJustice,UCsr9EGxujHW-7i8q6pkL4vQ,English,Revenge & Justice Stories
https://www.youtube.com/@revengegoneright,UCqeQfj5I8bQDtlH2sDIecMA,English,Revenge & Justice Stories
https://www.youtube.com/@RevengeByRoger,UC_tOr3bqJwN3dwKLKc04pkw,English,Revenge & Justice Stories
https://www.youtube.com/@RevengeWithKaren,UCHpC_SwsmIC7paKc4I576Rw,English,Revenge & Justice Stories
https://www.youtube.com/@IronRevenge,UCOm2Dp7yrIgS5wHXMz0373w,English,Revenge & Justice Stories
https://www.youtube.com/@RevengeOTCP,UCZiBcRFX8HOrhLmoCCjtZhQ,English,Revenge & Justice Stories
https://www.youtube.com/@RevengeWithLyra,UCQcK6IxTs00FfD4vsDXU1Zg,English,Revenge & Justice Stories
https://www.youtube.com/@SovereignJustice,UC9tLd6DOLlHaRp8nYbXbjqQ,English,Revenge & Justice Stories
https://www.youtube.com/@Boss.Revenge.Stories,UCkQcIMo9IiUnzqzSJHZs3Rg,English,Revenge & Justice Stories
https://www.youtube.com/@qa-stories99,UC5SOjQXjH8h4tJQwKeTGTEQ,English,HOA & Neighborhood Drama
https://www.youtube.com/@bd-stories,UCeiCjdVSuU5XNd8pJ6QdKCQ,English,HOA & Neighborhood Drama
https://www.youtube.com/@EchoStoriesUS,UCRKv7TgAkRAXBT9xXW6jdCQ,English,HOA & Neighborhood Drama
https://www.youtube.com/@HOAStories68,UCQCmksN28EJ21h1tmTdMm2Q,English,HOA & Neighborhood Drama
https://www.youtube.com/@EndforHOA,UC-ka40Ka78XK1Y0Q0WFqGyA,English,HOA & Neighborhood Drama
https://www.youtube.com/@HOADeniedAccess,UCA3R6NvcRbyGtY3HLF9i18Q,English,HOA & Neighborhood Drama
https://www.youtube.com/@hoa_exposed,UCb1k0G_MPahYLj9k_blfB1w,English,HOA & Neighborhood Drama
https://www.youtube.com/@HoaDreamland,UCPzBJ-NZxi9fVcBzjzjc3XA,English,HOA & Neighborhood Drama
https://www.youtube.com/@TheHOAdiaries,UC-YTfgO0GTaE85POym7lvAw,English,HOA & Neighborhood Drama
https://www.youtube.com/@HOAcase,UCqfL4Bqrezke9-yXI5edrTg,English,HOA & Neighborhood Drama
https://www.youtube.com/@BATTLEHOA,UCmbv7xaKhusRuUARsqSWvGg,English,HOA & Neighborhood Drama
https://www.youtube.com/@TalesThatTouch-d7z,UCxTmH-gjSPCWE5_mN4kwmmQ,English,Billionaire
https://www.youtube.com/@HopeBetweenUs1,UC7bUtHyx8LikMcSaxmRsDXA,English,Romance/Love
https://www.youtube.com/@DailyStoriesYT,UCYUhRibke_oFVKGhIYgGI0w,English,History & Hidden Truths
https://www.youtube.com/@MyDarlingStorie,UCAWe8wamAICRkUV4Ted9tjA,English,Mixed / General Storytelling
https://www.youtube.com/@GoodKnightSleep,UCFYB4pdBUyPH6MjH0AnGoIA,English,Sleep
https://www.youtube.com/@billionaireceostory,UCQBVEEqBQWnBUrWlnX1GFJw,English,Billionaire
https://www.youtube.com/@DeesRomanceLibrary,UCZ3lpyXgm4Cpnd3mT4pgKpQ,English,Mixed / General Storytelling
https://www.youtube.com/@BillionaireRomanceAudiobooks1,UCzFxvydKAhIIp3YSyh4IpEA,English,Billionaire
https://www.youtube.com/@SWEETFEELINGS8,UCm4CO6PWQ-PJbczA6JzeGNA,English,Billionaire
https://www.youtube.com/@RiseUp911,UC83-pwRkTF-e6dK7idIRpTw,English,Racism
https://www.youtube.com/@VPTales,UCK1_oXFhZfc69S-UfB6dKhQ,English,Vampires
https://www.youtube.com/@MoonlightChroniclesOfficial,UCB-goZ3EvNxpPmP1flFy3Jg,English,Vampires
https://www.youtube.com/@VampireLoveTales,UCdAXsYKDtKXpIOx4ViGRGuA,English,Vampires
https://www.youtube.com/@TalesoftheImmortals1,UCmY-g0zIZWTX_pbdgXAlSBw,English,Vampires
https://www.youtube.com/@VampireEchoes,UCMSu3hpcBl1Lg66gw75xv2A,English,Vampires
https://www.youtube.com/@VampireRomance-b3x,UCryGl8dd9uxJG4mlCg_PmCQ,English,Vampires
https://www.youtube.com/@VampireStories911,UCRKSZH1Qk4tYkak92lifXqA,English,Vampires
https://www.youtube.com/@TheImmortalHeir,UC8VN8AoewLxx6tr9Um1Z51w,English,Vampires
https://www.youtube.com/@BloodMoonTalesofc,UC97u4gCDBAG6YdVrmE3kTow,English,Vampires
https://www.youtube.com/@sangresilencio,UCUTT8rvSTK0KJ_a8Ko5fqXw,Spanish,Vampires
https://www.youtube.com/@SanftesDrama,UCmU0NIp5MkgZMZr3BcbLzhQ,German,Romance/Love
https://www.youtube.com/@lunarlovechronicles,UCY2DgQzujh7RzwYRc1UcR9A,English,Gay/Lesbian Niche
https://www.youtube.com/@midnightlovechronicles11,UCywXR9V9aKe9qKnKxabM2PA,English,Gay/Lesbian Niche
https://www.youtube.com/@SapphicShadows,UCQGu2uwmNiuKN5KdD3uV97Q,English,Gay/Lesbian Niche
https://www.youtube.com/@LifeBeyondSeen,UCkq5m34pWsYCeDFI-O3M5yA,English,Miscellaneous-Horror & Other Story Channels
https://www.youtube.com/@talesofrealhistory,UCWslF6OBJGJbC085uILBgpQ,English,History & Hidden Truths
https://www.youtube.com/@TemplarMysteriesForSleep,UCaBNCqaoeX8RGdsKY9fZbNA,English,Sleeping Lore
https://www.youtube.com/@AncientHistorySecrets-x7e,UCWslF6OBJGJbC085uILBgpQ,English,History & Hidden Truths
https://www.youtube.com/@AncestorVault,UCUmhCN_c4DeyOdpJntsaFfQ,English,History & Hidden Truths
https://www.youtube.com/@MythicalArcana,UCbgDTQWjIFkSzI45S4KPOog,English,Miscellaneous-Horror & Other Story Channels
https://www.youtube.com/@backtoww2-ww2,UCvEfdnpeVxBFYxQ1quTTpdA,English,Milfs
https://www.youtube.com/@Koralis0,UCy0gIm268c1eUgAYJyA3lbw,English,Mixed / General Storytelling
https://www.youtube.com/@WW2Tales,UCVDS-cjZZIWPjL5fdXSMywQ,English,History & Hidden Truths
https://www.youtube.com/@VaticanMysteriesForSleep,UCBMrXzImBieuxhSoRHEWIDQ,English,Sleep
https://www.youtube.com/@SleepyScientistStories13.8,UC25LwAdYAEtDtr8TMTQZ5KQ,English,Sleep
https://www.youtube.com/@UniverseBeforeSleep,UCBe59zqEo4gJkWP2cWOuR_g,English,Sleep
https://www.youtube.com/@SleepOnScience,UC-TjVEuwB5EwpA4k8XQulag,English,Sleep
https://www.youtube.com/@StoriesOfTheImperium,UCd0bpDPneRPLHeZXh8Jxxpg,English,HFY
https://www.youtube.com/@whisperedsleepsaga,UCVW9JjKUJNTXZDJhDw-6gvQ,English,Sleep
https://www.youtube.com/@Dreamspell_tales,UC3j_nlKySNHH6NtY6pvmr9A,English,Mixed / General Storytelling
https://www.youtube.com/@StoriesoftheRings,UCgfBiekIGLfUUmZS43yFW1w,English,Sleeping Lore
https://www.youtube.com/@LEGENDSOFMIDDLE-EARTH,UCi2PX-aQj9D04e8khad9skA,English,Sleeping Lore
https://www.youtube.com/@ExplainedMoments,UChPvhx6MxiEBEwWWXZ09dxA,English,Sleeping Lore
https://www.youtube.com/@loredocumentaries,UCdXJn1-UxoHrCtQt3Fwr-kA,English,Sleeping Lore
https://www.youtube.com/@gosleepyatnight,UCLFaLwaesMZWt_Ljy3g2FiQ,English,Sleep
https://www.youtube.com/@letsleepy1,UC-7EnLf_w0eR5_Xy2zc7bvg,English,Sleep
https://www.youtube.com/@williamstoryteller7,UCvUuhAtEXZOpub8SNToFtqA,English,Sleep
https://www.youtube.com/@driftawaydreams01,UCOJOgwnoYYNidufC_v9gJUA,English,Sleep
https://www.youtube.com/@storysleep8,UCj4v41O9oMy5BKbAptlOGFg,English,Sleep
https://www.youtube.com/@getsleepybedtimestoryhub,UC_qqXuycsEEynPqZEeByuqw,English,Sleep
https://www.youtube.com/@sleepywhispers-zzz,UCZCuJKR-sGvjsOjEaXF85PA,English,Sleep
https://www.youtube.com/@secretstoriesforsleep,UCwxXx4hoK1buiQlLKh5AAdw,English,Sleep
https://www.youtube.com/@thesleepscientist-s,UCD_juzpq_QL6LfM2lKcpdrA,English,Sleep
https://www.youtube.com/@pokasdear6482,UCqqouQV4rt2yDWUK7eKNWPQ,English,Sleep
https://www.youtube.com/@simplysleepystories,UCbPqZldkx7iTLuhpHfO_o7A,English,Sleep
https://www.youtube.com/@goodnightradio-p9p,UCtOOJcon2npC5P3aebUzKpQ,English,Sleep
https://www.youtube.com/@RareSleeping,UCJyJZTc374yKcWNRGTnWvMw,English,Sleep
https://www.youtube.com/@sleepyhistorica11,UC_clJQHQ92VScURAqlfUnqw,English,Sleep
https://www.youtube.com/@sleepytimestories-yt,UCofi_7rk-_AHCvkdNGKtrLg,English,Sleep
https://www.youtube.com/@TheSleepCarriage,UCE0b0AzgOlGjoWh0iKog_yw,English,Sleep
https://www.youtube.com/@DreamyNights-Channel,UCbGv1CzXjqqzdokwegk61vA,English,Sleep
https://www.youtube.com/@terranashsleepstories,UCRcn83eey4DJlIRbA1fEVKA,English,Sleep
https://www.youtube.com/@storytimeblvd,UCNVWoEKg74Cvb2cmBGmpi_A,English,Sleep
https://www.youtube.com/@bedtimestoriesandsleepmusic,UCU2qJv6HNNFzomX8lThMtqQ,English,Sleep
https://www.youtube.com/@sleepystory-d1z,UCe_NvgXJg_1GoK5sZcdduTw,English,Sleep
https://www.youtube.com/@nighttimemyths,UCv25pUJN40brZ_O2swviHsA,English,Sleep
https://www.youtube.com/@murmurmoonlight,UC52PveP2-QpTdTLwIHk6nfQ,English,Sleep
https://www.youtube.com/@cozybedtales,UCqlQfh5RXuAuxG5NuFPJo-Q,English,Sleep
https://www.youtube.com/@sleepyjourneys,UC7UF-o_UGUIkHQWlVwOKCAw,English,Sleep
https://www.youtube.com/@storytimeforme,UC5iN5TYGeWaN-K6NYNkshjQ,English,Sleep
https://www.youtube.com/@bedtimestorieslosttotime,UCDNjk3oXpCzQh-60xD5fT2Q,English,Sleep
https://www.youtube.com/@thesleepyvoice-ytc,UCHtes6HXe_Ph26FkHONg6Mw,English,Sleep
https://www.youtube.com/@deep_sleepstories,UCIaePQk_cSzFe7p60JFTcbQ,English,Sleep
https://www.youtube.com/@peacefulsleepstories,UCZwHfkCE-F6cZcTb1afyroQ,English,Sleep
https://www.youtube.com/@lunarasleepstories,UCGDqQWJVyYADD9I4S2RCzxw,English,Sleep
https://www.youtube.com/@whispers-to-sleep,UCUZDU7U5r95t_yogbEMjDkA,English,Sleep
https://www.youtube.com/@great_sleep,UCMpvFF5ArmsQfhXll9Ttzug,English,Sleep
https://www.youtube.com/@gentlewhispersleepstories,UC-gL2yo2b1AMt939s-ZCrkQ,English,Sleep
https://www.youtube.com/@sleepandsorcery,UCNmlImf375X7xqTMV90lhDA,English,Sleep
https://www.youtube.com/@thesleepschronicles,UC-meG_yeNxDLSYW2TBttNrg,English,Sleep
https://www.youtube.com/@usabedtime,UCPpq3fojcFHFTFhaGAp8Sbg,English,Sleep
https://www.youtube.com/@sleepybonvoyage,UC1QjRLihPBa_rPXpMvXzy4g,English,Sleep
https://www.youtube.com/@dailyaspire-x9m,UCusoVQ6OCwtFzgy8dm4335Q,English,Sleep
https://www.youtube.com/@sleepysoundsaudiobooks,UCJhsJlq7-bxD23CYoVOPGXQ,English,Sleep
https://www.youtube.com/@soothingpod,UCz5Dqj67Me6ShsGPfmWaMNw,English,Sleep
https://www.youtube.com/@fastsleepstories,UCuRqxhsfPwwQV23gO4VR-pQ,English,Sleep
https://www.youtube.com/@dreamharbor-m7f,UCyMxOQHawq348XNdaF4fXQQ,English,Sleep
https://www.youtube.com/@moonlighttales-b9j,UCAoZsDk_dBt0wDSLLK5SWEw,English,Sleep
https://www.youtube.com/@stephen_dalton,UCjxAUYz6RxbcCYlNZnZcwKQ,English,Sleep
https://www.youtube.com/@relaxforawhile,UCOWpx-i3DaGwf4WHIT5trWQ,English,Sleep
https://www.youtube.com/@kidsbedtimebookshelf,UCndZeKfMCijd-tmjUN1a_FA,English,Sleep
https://www.youtube.com/@getsleepysleepy,UC75iw6FBKlw657nseivLUPA,English,Sleep
https://www.youtube.com/@mindrest,UCVyCtbvIRyR2Nkr4i0LOfiQ,English,Sleep
https://www.youtube.com/@sleeprelaxation100,UCE_hRm6d0zA05GWTPpiTD7Q,English,Sleep
https://www.youtube.com/@sleepynightszone,UCO11yd-lgAPl8t-M8MMqCig,English,Sleep
https://www.youtube.com/@sleepingstory90,UC-jWZ78PfeMrFZDGfrK12Vg,English,Sleep
https://www.youtube.com/@calm,UChSpME3QaSFAWK8Hpmg-Dyw,English,Sleep
https://www.youtube.com/@talesofrealhistory,UCWslF6OBJGJbC085uILBgpQ,English,History & Hidden Truths
https://www.youtube.com/@mysteriesofthepast-y9e,UCpAGZv9saINmqfsCEN-b73Q,English,History & Hidden Truths
https://www.youtube.com/@uncleluketells,UCuT-SGbmYl67TOqm8ZNiNgg,English,Mixed / General Storytelling
https://www.youtube.com/@historywithouttaboos,UCSbRDpmwYU5lIIKI_mtHGnw,English,History & Hidden Truths
https://www.youtube.com/@mythicalepoch,UCGD4ZO2HQHQqFuBIOGkNqvw,English,History & Hidden Truths
https://www.youtube.com/@the_lensoftime,UCaqORyVpV4qyfADpjGnzrkA,English,History & Hidden Truths
https://www.youtube.com/@universemysteriesofficial,UCqLSM3Yw3ROZvsdkZOLGo3g,English,History & Hidden Truths
https://www.youtube.com/@ancientwhisper4sleep,UC-PlYgV-2wZdotdM5TsfBqw,English,Sleep
https://www.youtube.com/@ancientsleepstoriez,UCvXbEO8RFB0dp9BzUddBH5w,English,Sleep
https://www.youtube.com/@cantsleeptales,UC-DvHu-8w-NYxAiJmKYOYJA,English,Sleep
https://www.youtube.com/@InnerMyth,UCBJYO9HwgkB5T8Fg4n_B9qQ,English,Sleep
https://www.youtube.com/@theancientnarratoryt,UC6LvweB44yr0NEo_1FFnw7Q,English,History & Hidden Truths
https://www.youtube.com/@ancient_odyssey69,UCeswplwlIfNF61gGzycbbmQ,English,History & Hidden Truths
https://www.youtube.com/@legendsofthevatican,UCGS_xC16HiIZtt7tBAU1cWA,English,Sleep
https://www.youtube.com/@nexusofmyths,UCqYfV6GHkaG8zJ-GMQg-PKg,English,History & Hidden Truths
https://www.youtube.com/@unearthedtruths-x7t,UCMQlghOhGUh5P6VzbB20tXw,English,History & Hidden Truths
https://www.youtube.com/@epicpast11,UC0vt1RKoHJ-jxyPjjGoKUrQ,English,History & Hidden Truths
https://www.youtube.com/@timelesshistorieslegends,UC_7vE1-7_4xRAXHLzf8Xtsg,English,History & Hidden Truths
https://www.youtube.com/@deformedhistory2025,UCf-deye7qRqpajufFZrvzwQ,English,History & Hidden Truths
https://www.youtube.com/@mysteriousstoryofhistory-e9u,UCWXYyRdPLHPHjprV_L2tfWw,English,History & Hidden Truths
https://www.youtube.com/@mysteriesof-thepast,UCQ9gW645bLceupSWIeoOjMQ,English,History & Hidden Truths
https://www.youtube.com/@temporisxx,UCbuwjp-9YhdfALyM3NQNyiQ,English,History & Hidden Truths
https://www.youtube.com/@sleeplesslorekeeper-r7w,UCor-QriTQJKMk5IVxh9FlzQ,English,Sleep
https://www.youtube.com/@thequietsanctum,UC9YQg-XiQpd2wNKTjEkNcGQ,English,Sleep
https://www.youtube.com/@forgotten_tales1,UCAbX-ykcAPtYqI6VK1wB9lQ,English,History & Hidden Truths
https://www.youtube.com/@forgottenrealms-225,UCtSn1EthaNCj1xjiMq8Dhgw,English,History & Hidden Truths
https://www.youtube.com/@ScrollOfStories-y7x,UCElnsX_lZsVFdyScZk1ZSAA,English,Mixed / General Storytelling
https://www.youtube.com/@historyforsleepa,UCTeACpPYco974XLuJlB1MqA,English,Sleep
https://www.youtube.com/@thehistoricalbox,UCJFRJJAnN3bSwMpvgl-f7ag,English,History & Hidden Truths
https://www.youtube.com/@humansemotionalstories,UC_522XynsiO60YNmBNhKsjg,English,Emotional
https://www.youtube.com/@growforjustice,UC-g4mrFDHiKI-KK5pg7P_xQ,English,Revenge & Justice Stories
https://www.youtube.com/@sheforcetales-b2b,UCWP5msu0XNm4STvgYm2vCLg,English,Veterans
https://www.youtube.com/@women_of_war__untold,UC3oP7Tecl1-O2kZlCRN-vnw,English,Veterans
https://www.youtube.com/@silentvalorstories,UCFslixjN5cJmarZFyWD-uqA,English,Veterans
https://www.youtube.com/@soulreliefstories,UCXLW4Gr5A1mKSrSnLl6AUAQ,English,Veterans
https://www.youtube.com/@militarywwiiveteran,UCJooDig_kBzHyOnL8Qd_Rzw,English,Veterans
https://www.youtube.com/@silent-salute,UCuiVsPZUr-YtLFSTKWLPC4A,English,Veterans
https://www.youtube.com/@steelgracestories,UCUnGwsxLBM-tT-FThMIrGHg,English,Veterans
https://www.youtube.com/@hcstories-1012,UCS-EImTNcoXX4Tolx8yT--w,English,Emotional
https://www.youtube.com/@unknownherotales,UCmn4mi5ED8ILHl-5R_S5EbQ,English,Veterans
https://www.youtube.com/@storiesofstrength777,UC_CLw4pxe3m_Idd4rM-_5Og,English,Veterans
https://www.youtube.com/@pickthehelmet,UCj53kCHdTW7G6U-EIZchclg,English,Veterans
https://www.youtube.com/@hynstories,UCH23viFtR2NnkOdRMPMjrkw,English,Veterans
https://www.youtube.com/@tt.soul.stories.86,UCS1IQZuE0C3obQUECvWUS8g,English,Veterans
https://www.youtube.com/@todaylifestories-maa,UCQtKJtrex5rluZCEMv1t81Q,English,Veterans
https://www.youtube.com/@warriorsofduty,UC28W3eZxgIyHDzZ88veWWlQ,English,Veterans
https://www.youtube.com/@arstories86,UCTCgBdUCmKiGU8s0IOkqV4g,English,Emotional
https://www.youtube.com/@beastfusionlab-1,UCne49DTXAYlnZpMmfRC0nqQ,English,Veterans
https://www.youtube.com/@womencouragestories,UCj_6uDjXYPROoZm4f6OEEBA,English,Veterans
https://www.youtube.com/@silentherostories,UCfK1ydGjnbBJIz-k973VgpA,English,Veterans
https://www.youtube.com/@boldturns,UCyAxw0ucLB66DIF0dRrxV6w,English,Veterans
https://www.youtube.com/@krazyattitudes,UCfAgZ8VYgSyJs6hdj2P_J1A,English,Veterans
https://www.youtube.com/@sdhumanstories,UCZb3z9M7oIlGWuwO_ooIEqA,English,Emotional
https://www.youtube.com/@hermissiondiaries-44e,UCL_x9tCV8Qr79TX4dBiZvLQ,English,Veterans
https://www.youtube.com/@BattlefieldNarratives,UCbjZauLko0PGUrhFY_LGZQQ,English,Veterans
https://www.youtube.com/@usabattlezone,UCRavChgXcs1jxOfDPOY9j-Q,English,Veterans
https://www.youtube.com/@steelheartstories228,UCR1JDvG1RlXfoNO_t6zdbkg,English,Emotional
https://www.youtube.com/@tacticaltalesstories,UCPn2_mc4OusuWJPKG8txvkQ,English,Veterans
https://www.youtube.com/@sheforcetales-z7j,UCzZduUuazwfiQONHhqRtqPQ,English,Veterans
https://www.youtube.com/@bettlefieldstories5.5m,UCEzu0uq9jvinKK3e1L0lMeg,English,Veterans
https://www.youtube.com/@legacystories99,UCwEevNk3gZUryx2JzKCrQqQ,English,Veterans
https://www.youtube.com/@gratefulstoriesus,UCYztY0d0mmATGZrLtDEn7QQ,English,Veterans
https://www.youtube.com/@beyondtruetales,UC5U7N5zwLaPuSmD408YkUMg,English,Veterans
https://www.youtube.com/@everydaylegends-l3v,UCtHBK9odZd1cI7pWcfGpwtw,English,Veterans
https://www.youtube.com/@warriorwatch-22,UCziKv19M_KDYx4zUqSZ8njQ,English,Veterans
https://www.youtube.com/@valorstories-o8e,UCtKBslEIXwg7n5p0Vs2OOkA,English,Veterans
https://www.youtube.com/@veteransilentstory,UCULERjTXkEF6vcjDi6Qy1Lw,English,Veterans
https://www.youtube.com/@thestoryvault-e5h,UCvlhM-xaZt8h66nqA3NthRQ,English,Veterans
https://www.youtube.com/@hermissionstories,UCI7YBoWWwbkHy_oMuBmiEdg,English,Veterans
https://www.youtube.com/@goldenstoriesdaily,UCsqDa1O9GGf1XNfPTffhW-g,English,Mixed / General Storytelling
https://www.youtube.com/@storiesthatsalute,UCjInvmK00kfP3zc35XxBg3Q,English,Veterans
https://www.youtube.com/@diginitydefended,UCtBB2CPqRkiNo4c0Wo7gLZg,English,Veterans
https://www.youtube.com/@sn_quiet_stories,UC3jCQPg2LX6Tydcw2ifuGFA,English,Veterans
https://www.youtube.com/@silentvoicesstories,UCCNoYuy5GobBykMU0-CuiwA,English,Veterans
https://www.youtube.com/@echoesofhonor-e8e,UCGL4ChRlkeD8fY8zJSwKHCA,English,Veterans
https://www.youtube.com/@LegendsoffHistory,UCz131ILHk18eL1W4vyagqeA,English,Veterans
https://www.youtube.com/@back-then-stories,UC8ev001Qip5MStJxyso2JuA,English,Veterans
https://www.youtube.com/@moralstoryhub-p2u,UC-TMbZagebmmP_sgvJV4gGA,English,Veterans
https://www.youtube.com/@thekindheart-e3y,UCUo7MgHXep3smEgWEShq0vg,English,Emotional
https://www.youtube.com/@historyofusa00167,UCAl3fyXKCx8iwNuWapzDcYQ,English,Veterans
https://www.youtube.com/@scifizone91,UC4QX4uNupnkjEcvOZxGx6MQ,English,HFY
https://www.youtube.com/@SciFiWorld-r8l,UCt7O4ZFlyLz-Nhl7QSVoCMw,English,HFY
https://www.youtube.com/@sci-firealm,UCuPbsiH6OQQt1M8titzR7NQ,English,HFY
https://www.youtube.com/@hfytargetmission844,UC7Fcz6LikQ8qXSa16Y_VH-A,English,HFY
https://www.youtube.com/@humanityascends-u3c,UC0e2GCzfne80WIa5PDwppPg,English,HFY
https://www.youtube.com/@scifibattlecomedy,UCpg_FoQYEObRKmw1tC4cEtg,English,HFY
https://www.youtube.com/@adi.yas1991,UC_HMshIn2tJifqVpV1eVsCw,English,HFY
https://www.youtube.com/@hfystories123,UCdwQ_brOWdQ5hyF8XjJwyvg,English,HFY
https://www.youtube.com/@starbornhfy,UC6-5NzJGCFcaStT6cCvjN-Q,English,HFY
https://www.youtube.com/@scifi_verse,UCBReKwdGEg-X2KekCS9f2bg,English,HFY
https://www.youtube.com/@scifitales2,UCHX3GNyZPkTBF2tP-OdYNQQ,English,HFY
https://www.youtube.com/@scifistream001,UCbHS1PNQ6DGhxsrwscwI-_Q,English,HFY
https://www.youtube.com/@scifirealmcomedy1,UCznUQtbEstVlnRMixFRrucA,English,HFY
https://www.youtube.com/@scifibuzz91,UCBvDE54yhuoSz4O1QBmXZrA,English,HFY
https://www.youtube.com/@hfyhunters,UCm5qYjXzOzW9G6ZbiJNWEMg,English,HFY
https://www.youtube.com/@hfyfictions,UC0VnA5mK8qx5d2r5sOgByUQ,English,HFY
https://www.youtube.com/@HFYGalaxyWar,UCO4lsG9rv7eFNDLbRPGnoGg,English,HFY
https://www.youtube.com/@humanityascendsvsscifihfy,UC_0uyjVG3CO7EB8_y7TiYEA,English,HFY
https://www.youtube.com/@hfygalaxyfearsearth,UCuyCwZ1Ne_Y4plTeqR4UTaQ,English,HFY
https://www.youtube.com/@hfy-scifi-129,UCLBDBLKfIzLDHY62SP_vIwQ,English,HFY
https://www.youtube.com/@HFYProtocol1994,UCm5qYjXzOzW9G6ZbiJNWEMg,English,HFY
https://www.youtube.com/@scifibeat91,UCNW4C58l-W3SyqxxeGWVKNQ,English,HFY
https://www.youtube.com/@humanlegendshfysci-fitales,UCoYuRMz5NMYuw6nwUVNSqIQ,English,HFY
https://www.youtube.com/@sci-fihfylegends,UCEUoB8FJdHTZYfzp_bNbMGA,English,HFY
https://www.youtube.com/@scifiuniverse1,UCfkTVpxIBWeWOm6Q1fpxZuA,English,HFY
https://www.youtube.com/@hfygalacticforge,UCA7wdmp1kffk-oOpako-iHA,English,HFY
https://www.youtube.com/@nexxus_hfy,UC3quptxUvpqetNWk9usUuIg,English,HFY
https://www.youtube.com/@scifi-hfy2,UCd2WrcF5KdD9lBS_E69uoVw,English,HFY
https://www.youtube.com/@galactic_frontline,UC4ho-XdJCD-Bx7RfhwnW7KQ,English,HFY
https://www.youtube.com/@hfyhavoc,UC6zi58nrV1RwbyEt4281_lQ,English,HFY
https://www.youtube.com/@scifihfylegends,UCVectZDEB0ltdA0fog4KqaA,English,HFY
https://www.youtube.com/@sci-fivalor,UC9l3IBT_QscBMUhvAvv35Gw,English,HFY
https://www.youtube.com/@galacticsci-fiadventures,UCmY2ZsbEEfJTS4T_Y_phVog,English,HFY
https://www.youtube.com/@scifi_predators,UCQQfQ9LRh7HkGo0CjnwwINw,English,HFY
https://www.youtube.com/@hfygalaxy1,UCxwcEcOGWeyxnTX2hbmeiPg,English,HFY
https://www.youtube.com/@scifideathworld,UCl4M_tEId4LIrv9wVQZfuOQ,English,HFY
https://www.youtube.com/@sci-fistyle,UCOtGPyAAYt-6dQupAbcP_jg,English,HFY
https://www.youtube.com/@scifi.nexus2024,UC9DtaHABPUNILMkAUIb-Png,English,HFY
https://www.youtube.com/@stellarimaginarium,UCM9twGW61EdfoqG-PDXiULA,English,HFY
https://www.youtube.com/@scifitales-f9p,UCY6tQyBx_DEcVARYDtTMeew,English,HFY
https://www.youtube.com/@hfynarations,UCGREWwB-JZZ8xa4HicS-atg,English,HFY
https://www.youtube.com/@allscifi88,UCtIRv-prfqSf8RamRGQUSxg,English,HFY
https://www.youtube.com/@galacticsci-fichronicles,UCkqol-DDH1bAi54wYRUUAGQ,English,HFY
https://www.youtube.com/@scifitales-v3s,UC5yGf46Er7zDmZ3ySw-KuHQ,English,HFY
https://www.youtube.com/@hfyvengeance,UChCOBae44osYwI6HVLsLclw,English,HFY
https://www.youtube.com/@hfyworld7,UCvKtNtBP9Px2tuD18Sg3B_w,English,HFY
https://www.youtube.com/@starboundextra,UCNTwYiVJ6YZoXjV6Wh3Iykw,English,HFY
https://www.youtube.com/@starboundhfy,UCO8LWCruCPE-CJZFc1AaX5Q,English,HFY
https://www.youtube.com/@leenaSmith-k3n,UCzq_ymiBhtc8ge0P6c30YUw,English,HFY
https://www.youtube.com/@riz-p7v,UCI48AQVeM_NsfbtyAZCAuLQ,English,HFY
https://www.youtube.com/@pride_voices,UCpqe92UBnF8YZ9MmZVimEWg,English,Gay/Lesbian Niche
https://www.youtube.com/@africangaymoralstory,UCRuAFR73TH6La01NGkWm7Kg,English,Gay/Lesbian Niche
https://www.youtube.com/@gaystorytime0.1,UC5jlsP5qW308a9U3zviAYkw,English,Gay/Lesbian Niche
https://www.youtube.com/@realgaytales,UCZSKMnJhU4_CzWh-_GtxmDg,English,Gay/Lesbian Niche
https://www.youtube.com/@pridestory,UCrKNrKPHI5TCHLpy9_Jw3TQ,English,Gay/Lesbian Niche
https://www.youtube.com/@gaytruestories,UCv-QhMeXcbTG5IJNNJj44oQ,English,Gay/Lesbian Niche
https://www.youtube.com/@pridestoriesunfiltered,UCUTI5wNpXlioRKf28sgxwKQ,English,Gay/Lesbian Niche
https://www.youtube.com/@gaystoriesss,UCWMUD49Lh0VjqB2OASCOYJA,English,Gay/Lesbian Niche
https://www.youtube.com/@anonymous.gay.0,UC3Df055OpbVo3PNe03nHA-A,English,Gay/Lesbian Niche
https://www.youtube.com/@gaybonddiaries,UCTHar_DLKUOSWybZCckOi1Q,English,Gay/Lesbian Niche
https://www.youtube.com/@softgaystories,UCPdOcB-TqSHCQn3UuDXD__Q,English,Gay/Lesbian Niche
https://www.youtube.com/@gaylovetales.6k,UCZl8hfUQt2QcCCPkbOOi_rQ,English,Gay/Lesbian Niche
https://www.youtube.com/@hiddentruegaystory,UCPfLHo9QE5SjbObj5-mOhIA,English,Gay/Lesbian Niche
https://www.youtube.com/@prideflicks,UCiWvXMmoGm_y8R6RsFRYJmA,English,Gay/Lesbian Niche
https://www.youtube.com/@gaystory69,UCtZC2LUvPDnBeftQQiPRtsw,English,Gay/Lesbian Niche
https://www.youtube.com/@hisstory-r3y,UCBVjlz8vDTL2fiB-XchPDBA,English,Gay/Lesbian Niche
https://www.youtube.com/@arkstorytime,UC3JJLbPikFbJN9Jt-RKeE2A,English,Gay/Lesbian Niche
https://www.youtube.com/@multientertainment2661,UCeHk06bo8B7YDzhTvA-JakA,English,Gay/Lesbian Niche
https://www.youtube.com/@officialfreelovetales,UCCunYl8RdYlqUtKEnfrN2iw,English,Gay/Lesbian Niche
https://www.youtube.com/@henrysgaytales,UCi_lE5QOmXFHnbFLleEoJIQ,English,Gay/Lesbian Niche
https://www.youtube.com/@minecrafttwincraft,UCRz1-4xbcbt421A5Jo4W8Pg,English,Gay/Lesbian Niche
https://www.youtube.com/@silentbytegaystories,UC1YVKxdCyskMuV2EypTE73w,English,Gay/Lesbian Niche
https://www.youtube.com/@lgbtstory2025,UC8Q0fC2aA6ktxLJzXevDkow,English,Gay/Lesbian Niche
https://www.youtube.com/@boylovetales8,UCBdGOk7Ylsfz2n8dMWcqH_A,English,Gay/Lesbian Niche
https://www.youtube.com/@ajgarali1688,UCETTFjq67j2uTJkeVvr9_7w,English,Gay/Lesbian Niche
https://www.youtube.com/@queer_pulse,UC_lXTaeM_2fCj6bqabXaElA,English,Gay/Lesbian Niche
https://www.youtube.com/@BOYLOVESTORY7,UCiAFaERoVib7K1QfKdfBIvA,English,Gay/Lesbian Niche
https://www.youtube.com/@rinastorychanel0512,UCqRGUkZ0LveGAACZpOJ3Ynw,English,Gay/Lesbian Niche
https://www.youtube.com/@theunspokenbond,UCdivEMHIAbUDxXhfRjuD9pg,English,Gay/Lesbian Niche
https://www.youtube.com/@raihaniqbalrafel7472,UCcH3Cjq72Rjhwcjnmk2SMSg,English,Gay/Lesbian Niche
https://www.youtube.com/@thegaystoryteller,UCulxEUpBSyJdQ7BRiUYD5TQ,English,Gay/Lesbian Niche
https://www.youtube.com/@gaylovestories-z2n,UCzd7EiYhh7AZUd5wMTOsXcQ,English,Gay/Lesbian Niche
https://www.youtube.com/@boynextdoor-eng,UCAuBaOjY8iMyu0EzDfVrz-w,English,Gay/Lesbian Niche
https://www.youtube.com/@arsnhabib9730,UCqPV94wp3BjzR3swGU2gKjw,English,Gay/Lesbian Niche
https://www.youtube.com/@rakhiakhter3899,UCK4Fn1LxqTGPEGiL96rfZ9w,English,Gay/Lesbian Niche
https://www.youtube.com/@andrianafilmclips,UCjoeGy0DO8h4jQjEmYlAvEQ,English,Miscellaneous-Horror & Other Story Channels
https://www.youtube.com/@blackthreadyt,UC0jK9uTVSfnu6WHj5tP5SDQ,English,Racism
https://www.youtube.com/@blacktruth21,UCXnkTKNXkhAUrGyPWcSPuPg,English,Racism
https://www.youtube.com/@blackthread-h8j,UC2h69KldpF4ejju8kW-brQw,English,Racism
https://www.youtube.com/@blackvoices101,UClLXlfDogXXGb3hVryZAlnw,English,Racism
https://www.youtube.com/@blackvoices247,UCxpoXTvdmTu59LZpv7-WhZg,English,Racism
https://www.youtube.com/@blackvoices365,UCfXEt3wkGstzGKRgi-Mq1rQ,English,Racism
https://www.youtube.com/@blackvoices360,UCWSXno-wKJjdsjeKOTdtlcQ,English,Racism
https://www.youtube.com/@blackthreadcentral,UC0agUIqHeC5iUSmUR3PC5wg,English,Racism
https://www.youtube.com/@blackopsstories,UCFvDhJYInZvxwLmOoVHKB9g,English,Racism
https://www.youtube.com/@boldlegacystories,UC7E-eoLySVeKnr-I50DymIw,English,Racism
https://www.youtube.com/@blackvoicestv,UCJdB5_QhC6dMgcvzqMH1KuA,English,Racism
https://www.youtube.com/@breakthroughstories21,UCBNCiQhQ2H0izcTgPQG2ovQ,English,Racism
https://www.youtube.com/@darktruthschannel,UCecn96d03YbG2wsxFPvWC9w,English,Racism
https://www.youtube.com/@soulofthestates,UCSr0cu2HNvQVMGUxfuTllPA,English,Racism
https://www.youtube.com/@hiddenvalue01,UCKDaC7-TLIwNB_ipsfckDvw,English,Racism
https://www.youtube.com/@rawtruthstories,UCNz_q9dKPe2D4DzUiPJ_Auw,English,Racism
https://www.youtube.com/@pinnacleks,UCW3mHmBTL5uSIBvC4ehgf8g,English,Racism
https://www.youtube.com/@truestoriesofblacks,UCeVca88qiY49qXu03Qu6XgA,English,Racism
https://www.youtube.com/@storiesnest3,UCW0fNuXuReKdshj0N6m34jw,English,Racism
https://www.youtube.com/@trueblackvoicesyt,UCTIA7RNqGDD_WeZGLfjs8ng,English,Racism
https://www.youtube.com/@papstories1,UCXsJYtVQL9XaKRq05sRDPoA,English,Racism
https://www.youtube.com/@blackstories4567,UCXHUuPU3gYn6kQuuXW0a39g,English,Racism
https://www.youtube.com/@blackchallenges-u7i6k,UCPl7FZiQxrQzcJxLHBfv_Kw,English,Racism
https://www.youtube.com/@blackvoicesuncut,UCPsLiAN4zFyP4wmta1ztwXA,English,Racism
https://www.youtube.com/@boldlyblack1,UCFoNUJ_1fRuQl5QzOZ_qmqg,English,Racism
https://www.youtube.com/@hopeforblack,UCZIc8k809g669liNOv5hLUg,English,Racism
https://www.youtube.com/@blackmystery-0,UCLQf6j4NN-cIa-HgnzCPdkw,English,Racism
https://www.youtube.com/@blackreality10,UCObDu7p0MPg6cTYVWGSr5fA,English,Racism
https://www.youtube.com/@RacialTrauma,UChDSDQQofFrHQROujxwXxEw,English,Racism
https://www.youtube.com/@darkthreadstories-m1k,UCKIdEaHqk-YT7cB_3ecVqRA,English,Racism
https://www.youtube.com/@bupstories-p3p,UCA_P73ZdZeEdArNeEbBZiJA,English,Racism
https://www.youtube.com/@equalityunbound,UCVwnrI90fciJz0ZzFT5OClQ,English,Racism
https://www.youtube.com/@goldenechoeshq,UCwZktXEQrxhER0eT-zrcnFw,English,Racism
https://www.youtube.com/@realblackstories.2,UCXfswZfEjnaXJFk1R6kxFGg,English,Racism
https://www.youtube.com/@bedrockstories21,UCeoMqXDVgIptpX2hPSEStJQ,English,Racism
https://www.youtube.com/@blackvoicesspeak-j5c,UC03eq69FSzMQuXD992xMPww,English,Racism
https://www.youtube.com/@storytime-y9u3u,UCuKmdKzSNfZwg1IQ2dp2lFQ,English,Racism
https://www.youtube.com/@storyphills,UCESfHFzxm8l6_OLhfbFJHsQ,English,Racism
https://www.youtube.com/@temptingdesiresus,UCfilmUBv9CeAWcq1L2U1-HQ,English,Racism
https://www.youtube.com/@storystreamb,UC-cdsBq8_Xd_e_aPztsWVZA,English,Racism
https://www.youtube.com/@talesofblacks,UCnCHkxDPGUdPyaMZQIxw77Q,English,Racism
https://www.youtube.com/@behindstories-f9w,UCpA2AVOr74pv7QiEp3KtILw,English,Racism
https://www.youtube.com/@wespeakblack,UCnTj5WGBu19ilyXcFdVoEjQ,English,Racism
https://www.youtube.com/@hiddentruthsyt-q5i,UCS1aZCTRMQsyF8Uev9e8q7A,English,Racism
https://www.youtube.com/@narrativetales-j4e,UCq51hYVmFvx3iLSTv2w8I_w,English,Racism
https://www.youtube.com/@blackflame846,UCPtFQ-8hWLnHnBoYkJH1UDg,English,Racism
https://www.youtube.com/@ronstoriesofficial,UCTfrXK-SvAErYNgBOU2eAjg,English,Emotional
https://www.youtube.com/@humanstories-w9i,UCykDEci2NG6bpDA79btGJ6w,English,Emotional
https://www.youtube.com/@pbdtails,UCrXfWDEX4zC3pwaGakTtQ_A,English,Gay/Lesbian Niche
https://www.youtube.com/@blackculturestory,UC2PE0kHxj4ziJn9vLWtFo_w,English,Racism
https://www.youtube.com/@lifeturntales,UCltcvEfrlXsCsnXgaeF7FXQ,English,Veterans
https://www.youtube.com/@RealLifeWonders21,UCZRcJsJUhew19uPMRi98EAg,English,Veterans
https://www.youtube.com/@blackstories-z9r,UC9sW4xq4rQy_whaN00EDYUg,English,Racism
https://www.youtube.com/@billionaireceostories,UC4RX0LhW4UzTqnbvyi-Ab-w,English,Billionaire
https://www.youtube.com/@inspirationalbossstories,UCbTr0TqGScCYTq2IZGmeQuA,English,Billionaire
https://www.youtube.com/@ceolovestories,UCE3i_-t5PU2WZ-hdesYJXhw,English,Romance/Love
https://www.youtube.com/@shepawtales,UCVkXPi-HScKeO6rCMK_dFWA,English,Emotional
https://www.youtube.com/@stories-th,UCutXx0SsAFH7xa7BgbRJWpA,English,Mixed / General Storytelling
https://www.youtube.com/@realisticfruitty,UCF5890zWt5rom1o_Urbhlsw,English,Billionaire
https://www.youtube.com/@americanstories-2,UCqgQGYcYKwFVen0vyVw0dXA,English,Emotional
https://www.youtube.com/@awstories1,UCYQusdYb9B9c0Sj1yCqPRXA,English,Mixed / General Storytelling
https://www.youtube.com/@joselopes-v8p,UCcjyiyhfUFjCv_w3ony08Gg,English,Mixed / General Storytelling
https://www.youtube.com/@trueheartstoriesyt,UCIHBAgmtJegjgtl5uIHKY6Q,English,Emotional
https://www.youtube.com/@soulstirringstories,UCn3hWodlgKyWnAJJd7uotsw,English,Emotional
https://www.youtube.com/@unscriptednarrative01,UCCJjuELGvnFVQTTSp8dcbjA,English,Mixed / General Storytelling
https://www.youtube.com/@managerstories1,UCecf2X8H8QBsu_mX3Yxh4jQ,English,Billionaire
https://www.youtube.com/@journeyofkindness2,UCvnBAXrg32Z3KCs1HRNdd-Q,English,Emotional
https://www.youtube.com/@hqincrediblestories,UC-Y0U0z4nN0EOJ6J7-0AyvA,English,Emotional
https://www.youtube.com/@lifestoriesago,UC6ITARzIGSjcIu8MIBSJO8g,English,Emotional
https://www.youtube.com/@kindnesscorner-d8d,UCnnHcGUdjVykMsBMKWE1WfA,English,Emotional
https://www.youtube.com/@nmahopestories,UCdDGnQhlqT06I1fININVMaA,English,Emotional
https://www.youtube.com/@healingstories2,UCOdjqt0zY99FcOSYqeiKPrQ,English,Billionaire
https://www.youtube.com/@millionairelovestory-x5v,UCfmocArVUL4un0QZmM36-Sw,English,Billionaire
https://www.youtube.com/@soulstories-c8y,UCdr8MhzVgGOgt3RPSSisphQ,English,Billionaire
https://www.youtube.com/@lifeinstoriesch,UCey5nOaXHAmUoEyDZWCtVcg,English,Billionaire
https://www.youtube.com/@MoneySinss,UC7XmfldyXP-spyBPxxy5uvA,English,Billionaire
https://www.youtube.com/@taleofthehearth,UCe6CmIs_Ek-HD5UTMZuzObw,English,Emotional
https://www.youtube.com/@storiesthattouch4,UCNjOCthKUoTq0ViLjd58bKQ,English,Emotional
https://www.youtube.com/@silentpromisesdiaries,UCOEeQFioY7YBVJOFgRT82KQ,English,Emotional
https://www.youtube.com/@memorablestories9,UCFj3pt7X-qs7VfqP0LCga6A,English,Billionaire
https://www.youtube.com/@reservedtales,UC3ao7HPraWgt9qOwlJ3VKug,English,Mixed / General Storytelling
https://www.youtube.com/@globalsalvation8,UCKC6MeFnDIErUn3fEenkKUw,English,Billionaire
https://www.youtube.com/@touchingtalesv,UCMxNk7IsYWjMN39iDm2pCKA,English,Billionaire
https://www.youtube.com/@lovestorieswithmrwilson,UCH3DUN05QLlkNkDVrdtLMcg,English,Romance/Love
https://www.youtube.com/@ceocinderellastories,UCPRCDRwUHR2PiTMjiOCErTQ,English,Billionaire
https://www.youtube.com/@trillionaireinlove,UC0EXrZCEgFOsBg3tglcB95Q,English,Billionaire
https://www.youtube.com/@lifecorestories,UCmG2b8ekriWXNLKP0nDg7xQ,English,Emotional
https://www.youtube.com/@kindnessregion,UC16RBO4UrLjYT9eN0gXlZvw,English,Emotional
https://www.youtube.com/@BUBBYSTORIES,UC-D2qxmSNrbKwBgkcPRbYMg,English,Mixed / General Storytelling
https://www.youtube.com/@mgan34,UC4sdNG3rzs2FDZ4Ld5S9n9Q,English,Mixed / General Storytelling
https://www.youtube.com/@savostories,UCcksUuIrkNIPfMHwfRheHrQ,English,Billionaire
https://www.youtube.com/@dreamtodollars02,UCtvZOIsWbhvIVksIhgwwr0Q,English,Billionaire
https://www.youtube.com/@lifejourneystoriesus,UC2zcwOVO08OeQeyhZC2YQCw,English,Billionaire
https://www.youtube.com/@soulfulstories-channel,UC0kR5pxO-MjFqKN88WwQx1A,English,Billionaire
https://www.youtube.com/@kindnesschroniclestales,UCpEcbuUEFa65Ik7zVDy6wVA,English,Emotional
https://www.youtube.com/@hiddenboss-p7i,UCYayKo3fTk5RaDP7LGe6gAA,English,Billionaire
https://www.youtube.com/@talesretoldd,UC626fLBvIJoj9g_Ffdgj5iw,English,Mixed / General Storytelling
https://www.youtube.com/@heartfelt-ripple,UC1JcJu2NveuDJ6dlQRiIj8A,English,Billionaire
https://www.youtube.com/@jamesstories2025,UC6xEwYyHChyUcl-lXO7ajjA,English,Mixed / General Storytelling
https://www.youtube.com/@newhopestories-q9d,UCu5p-o0n4YkEVK6wGiGrdJw,English,Racism
https://www.youtube.com/@heartfelttales-y7d,UC1P4HLJA_q2k3Z4oHa996Dw,English,Emotional
https://www.youtube.com/@inspireripples-nbt,UCP3iqhALunhRcPge3hHXpvg,English,Emotional
https://www.youtube.com/@storytimewithtrending,UCZ6XGVJEI2eYJiiqPA6u51A,English,Mixed / General Storytelling
https://www.youtube.com/@zakehell7788,UCBQayJ4CDRZzezDFjXjICqQ,English,Animal & Pet Stories
https://www.youtube.com/@braveanimalssouls,UCy9n0nHg8AHzwH26dDEBRMA,English,Animal & Pet Stories
https://www.youtube.com/@bestcreaturestales,UCaeIMJljGBAUkFBL565grdA,English,Animal & Pet Stories
https://www.youtube.com/@tailwaggingstories-b7j,UC8UR3w1ewN03dZCYcoUN-ng,English,Animal & Pet Stories
https://www.youtube.com/@210animalstales,UCQnwu3W4p357xmYxfkupV1w,English,Animal & Pet Stories
https://www.youtube.com/@loyalpawsus,UCYHlntsrVst8TKZjXWf23qw,English,Animal & Pet Stories
https://www.youtube.com/@wildyanimalstales,UCtNfTL833pEgmuERQxFnO2g,English,Animal & Pet Stories
https://www.youtube.com/@animalstory333,UCT6092Ki8VxEU0Vm2Qd4Izw,English,Animal & Pet Stories
https://www.youtube.com/@bravepawstories911,UChw6uD8U29nRmwIAjKg23nA,English,Animal & Pet Stories
https://www.youtube.com/@pawsstories365,UCUVb4YKQsBQgYgBGBXn7byQ,English,Animal & Pet Stories
https://www.youtube.com/@animalsnarrativestories,UCgC8-ChQBdHPAPR6u15JT3A,English,Animal & Pet Stories
https://www.youtube.com/@guardiantails-l5x,UCUNbbk8BHo09I_biyACKL3w,English,Animal & Pet Stories
https://www.youtube.com/@wildcreaturesstories,UCmVInl8f9hDEU7INscLSPdw,English,Animal & Pet Stories
https://www.youtube.com/@animalsauratales,UCLIB2gHmmKZeehjYd6yyIPQ,English,Animal & Pet Stories
https://www.youtube.com/@loyalprotectortales,UC_GhA-Z6PmJyopyEoBab_MQ,English,Animal & Pet Stories
https://www.youtube.com/@dogsbarktales,UC-AttuTX2y4iru9EYCvHl3g,English,Animal & Pet Stories
https://www.youtube.com/@heartbeatsofnature,UCvQagZDZQGqQz3lvcKXl-gw,English,Animal & Pet Stories
https://www.youtube.com/@untoldpawprints,UC_PlZzbc5_A494UTPXB1LoQ,English,Animal & Pet Stories
https://www.youtube.com/@kindredcreatures88,UC-i1rxlkrFE6U_iFwNYWecA,English,Animal & Pet Stories
https://www.youtube.com/@loyalpawprints,UCGM_RFHEX-dE3bIE2EGRxUA,English,Animal & Pet Stories
https://www.youtube.com/@wwiisoldiersstories,UCnpHL2jwjqJnr4TG18rp6lA,English,Veterans
https://www.youtube.com/@k9herochronicles.studio,UC0dSpd48PSPl6JQE6RV7VxQ,English,Animal & Pet Stories
https://www.youtube.com/@petsoulsinside-79a,UChyegTCocZQYJ4COWyvLdPg,English,Animal & Pet Stories
https://www.youtube.com/@wildshadowstories,UCvXSIcTI2CzVX6UKxapLing,English,Animal & Pet Stories
https://www.youtube.com/@braveepaws,UCHFvGP8C0a66K2vrlLckmng,English,Animal & Pet Stories
https://www.youtube.com/@faithfultails.stories,UCXo3IfcK3x8U_UyUMYt4yxg,English,Animal & Pet Stories
https://www.youtube.com/@pawprintsstories-yt,UCLsCJAFq6NblTN2r_LtlFEw,English,Animal & Pet Stories
https://www.youtube.com/@unexpectedtails,UCYv6E2D_u7Kvc2XHQm1UlLw,English,Animal & Pet Stories
https://www.youtube.com/@unbreakableties-w2k,UC1SqaWYS1BHvOMCV_q_Q17g,English,Animal & Pet Stories
https://www.youtube.com/@zoopawtales,UC1oIMaIWxzau64uJ0WKvo6A,English,Animal & Pet Stories
https://www.youtube.com/@pawprintsofkindness1,UCjqpWOoRUoSmZAIyuep8JAA,English,Animal & Pet Stories
https://www.youtube.com/@kindredspirits68,UCfSTXc7SSOeHAkxP2_CKAiQ,English,Animal & Pet Stories
https://www.youtube.com/@fableandfur,UC-_9tHn9X14gMpc591IzKpg,English,Animal & Pet Stories
https://www.youtube.com/@theanimaltales68,UC-Rij89f_jhY8DYGH6vfNeQ,English,Animal & Pet Stories
https://www.youtube.com/@sentinelpaws,UCPhyOlnxoOEmMZF0FeBI89Q,English,Animal & Pet Stories
https://www.youtube.com/@bravedogs-h7n,UCDfN5T1acdlKBOZfGsQ1x4w,English,Animal & Pet Stories
https://www.youtube.com/@germanshepherd.stories,UCE-KLIsQh3rs801uyHgOnJQ,English,Animal & Pet Stories
https://www.youtube.com/@hiddenstory-u5x,UCNPyhJZwgpNvkz0RwuX5MPg,English,Animal & Pet Stories
https://www.youtube.com/@jamekame-g7j,UCb_P_3ty_4QO6K4BGKIPvCg,English,Mixed / General Storytelling
https://www.youtube.com/@storiesofloyalty-w2p,UCEO6Mi5TtmcT97K3C7Dab2w,English,Animal & Pet Stories
https://www.youtube.com/@animalswithsoul,UCJGWEA-LiIIRP7q-6lEuXMQ,English,Animal & Pet Stories
https://www.youtube.com/@ytanimalstories_68,UCfSTXc7SSOeHAkxP2_CKAiQ,English,Animal & Pet Stories
https://www.youtube.com/@lifetruthdiaries,UCjTJ2EDOzwP5iiQBX_2CTIw,English,Emotional
https://www.youtube.com/@wildtalesusa,UC2_b7mOUC5z0DvS8KfTsVMQ,English,Mixed / General Storytelling
https://www.youtube.com/@imaxffhgx12,UCBMlmeHoD9m_S2QlFSbHsMQ,English,Animal & Pet Stories
https://www.youtube.com/@hoa_exposed,UCb1k0G_MPahYLj9k_blfB1w,English,HOA & Neighborhood Drama
https://www.youtube.com/@hoa_confidential31,UCOOQk2GkkegtGG02YBpu1oA,English,HOA & Neighborhood Drama
https://www.youtube.com/@hoastories68,UCQCmksN28EJ21h1tmTdMm2Q,English,HOA & Neighborhood Drama
https://www.youtube.com/@hoatales-u6z,UCWC6Razk21f-sYZi4zEyN4Q,English,HOA & Neighborhood Drama
https://www.youtube.com/@hoatales-x2r,UCXe3cBvlySa_CnHta9gg8Tg,English,HOA & Neighborhood Drama
https://www.youtube.com/@hoaunfolded-o7p,UCFsOLTpoGp6IZfZ7H8n2dBA,English,HOA & Neighborhood Drama
https://www.youtube.com/@hoasecrets2,UCuOBtQGCV4hWScOhIu9r_CQ,English,HOA & Neighborhood Drama
https://www.youtube.com/@hoaaffairs,UCudU1tgw7v-ffhJWeg-UPyA,English,HOA & Neighborhood Drama
https://www.youtube.com/@hoastories777,UC46sCvY0UMMCUBXzqGcJVig,English,HOA & Neighborhood Drama
https://www.youtube.com/@taletime-i2z,UCFLZ-0xhC9k40r5rJTrkrKA,English,HOA & Neighborhood Drama
https://www.youtube.com/@hoatalesunraveled-i5y,UCfGQ4xDBfsV5BkVxfXb2gXQ,English,HOA & Neighborhood Drama
https://www.youtube.com/@hoastorytime-y4k,UCPMohkV52EvsUzxbKfJoHFQ,English,HOA & Neighborhood Drama
https://www.youtube.com/@hoahelltales,UCLnf_BhDzBXKr6pBWn2hzvw,English,HOA & Neighborhood Drama
https://www.youtube.com/@hoastoriesuncovered,UCemBjlI8ouP8Q__onoolkZw,English,HOA & Neighborhood Drama
https://www.youtube.com/@hoakarenstories-f5h,UCzd7MZkVfgNEY2Ghzq_kOWA,English,HOA & Neighborhood Drama
https://www.youtube.com/@zeshanstory2,UCtjXGqD0GczbzgN-2CNktkA,English,HOA & Neighborhood Drama
https://www.youtube.com/@hoastoriesofusa,UCec9QhziAD35XH_sHou1esw,English,HOA & Neighborhood Drama
https://www.youtube.com/@storytimewithshorts-t6p,UCA-HyxEexRa5-0PrK_7lCjQ,English,HOA & Neighborhood Drama
https://www.youtube.com/@potatotales-t6c,UCkItI3koBi5GMpkxkWUIgHA,English,HOA & Neighborhood Drama
https://www.youtube.com/@hoaunraveled-1,UCtT-uDmelu4oufiwMAY-q_Q,English,HOA & Neighborhood Drama
https://www.youtube.com/@beyondtales-j7k,UCPfVFyDuu3v7jpZuZ-kumYg,English,HOA & Neighborhood Drama
https://www.youtube.com/@hoaexposed7,UCJXtXjc1B0vGfuVj1fbbbYA,English,HOA & Neighborhood Drama
https://www.youtube.com/@timelesssoultales,UCdmE0u7J_b6IJF2tqlCrWJg,English,HOA & Neighborhood Drama
https://www.youtube.com/@hoahorrorstories3,UCPCPjbaLyZHeRdq27tkgD6g,English,HOA & Neighborhood Drama
https://www.youtube.com/@taletime90,UC_33pdumcKtJrZCtLLHiPqw,English,HOA & Neighborhood Drama
https://www.youtube.com/@mindspaceinvaders-i3l,UCilbQvm-4bjGfqqovFmSMeA,English,HOA & Neighborhood Drama
https://www.youtube.com/@aclstory-r9c,UCglT2AOIMSUSnqh4ecVgumg,English,HOA & Neighborhood Drama
https://www.youtube.com/@bd-stories,UCeiCjdVSuU5XNd8pJ6QdKCQ,English,HOA & Neighborhood Drama
https://www.youtube.com/@hoarevenge01,UC9YvGhCZDW_ECQgxnCsmcAw,English,HOA & Neighborhood Drama
https://www.youtube.com/@truespark-x4y,UC99jWe_ySctirvIv9ENIO7Q,English,HOA & Neighborhood Drama
https://www.youtube.com/@life_lessons_story_time,UCgru4DRyZauVaFq6CCUyA8A,English,HOA & Neighborhood Drama
https://www.youtube.com/@elizabethsstories,UCTPGG5EUta4kU5OVPSWD0RA,English,HOA & Neighborhood Drama
https://www.youtube.com/@mucoiphipcaocap4932,UCg5song2jaXuvIUAqspNvxQ,English,HOA & Neighborhood Drama
https://www.youtube.com/@hoaheadaches,UCVHRqG_KXqfm54DxNrHTWKw,English,HOA & Neighborhood Drama
https://www.youtube.com/@HOAhavocfiles,UCerkbo3O7GlqhrNiROr4Vtw,English,HOA & Neighborhood Drama
https://www.youtube.com/@hoasurvivors,UC5vLo74Jim4BmYAsIvX1zEQ,English,HOA & Neighborhood Drama
https://www.youtube.com/@hoadramaofficial,UC19W0qziInRCpS_86X06rRg,English,HOA & Neighborhood Drama
https://www.youtube.com/@HOABattleStories-x3w,UC9UFspB7OuNG3QIPaZiW1BA,English,HOA & Neighborhood Drama
https://www.youtube.com/@wetstackindiesel,UCVLYTu8rHz5mHlo8ro7QlZA,English,Mixed / General Storytelling
https://www.youtube.com/@storytimewithhoakaren,UCFi6SqQea_mQduFSc8j9plg,English,HOA & Neighborhood Drama
https://www.youtube.com/@hoacircus-x4g,UCkklTBqxNJFo8l4ySDuR-rg,English,HOA & Neighborhood Drama
https://www.youtube.com/@thehomestories-f3h,UCbu4zI4NsKrRdpxMmXUoiig,English,HOA & Neighborhood Drama
https://www.youtube.com/@ht-stories-n9t,UCtldEwElRnZhgWejqjnQhyQ,English,HOA & Neighborhood Drama
https://www.youtube.com/@deadendhoa,UCaY3Go8UPP2HXCELMpS8tDA,English,HOA & Neighborhood Drama
https://www.youtube.com/@hoachroniclesusa,UCmF3qEyZ07--8fcHRek-BOA,English,HOA & Neighborhood Drama
https://www.youtube.com/@memorable337,UC_327g-cpIxf3ldO57XdStg,English,HOA & Neighborhood Drama
https://www.youtube.com/@hoastories-n8n,UCkA-HKwo6D4W3vJ5hvqKjJw,English,HOA & Neighborhood Drama
https://www.youtube.com/@oldweststoriees,UC3550wKwq7Gr0DZAdo6Y3Nw,English,Old West & Cowboy Tales
https://www.youtube.com/@mysteriesofthewest,UC9hznvo2q0JuH8ydfdUD5Bw,English,Mixed / General Storytelling
https://www.youtube.com/@storiesofthewest1,UCw8aZQDJhtXb_EhMqM6SSiw,English,Old West & Cowboy Tales
https://www.youtube.com/@wildwesttales-w7i,UCVxlIs1igoDlHCOBpGS-c-A,English,Old West & Cowboy Tales
https://www.youtube.com/@oldwestlegends95,UC8Lh3xHUtTx5adndjl3rlLw,English,Old West & Cowboy Tales
https://www.youtube.com/@wildtaleschronicles,UCqeKe8J7yindAlrUq0s7CJw,English,Old West & Cowboy Tales
https://www.youtube.com/@voicesofauntierae5,UCyO_jJ3Ggs7qh67ZMVNe8jw,English,Old West & Cowboy Tales
https://www.youtube.com/@WildWestLegends-w4q,UC7mKytu41gcKPcoAOQaWJLA,English,Old West & Cowboy Tales
https://www.youtube.com/@wildwestchronicles-v6o,UCh8oYHzZ_onyzJhT6Ad67sw,English,Old West & Cowboy Tales
https://www.youtube.com/@wildwestshortstories-i2w,UCpbTAg1DjdY3oNaLXD6FA7A,English,Old West & Cowboy Tales
https://www.youtube.com/@westernstoriesofficial,UC-3_qQflnLfIRkh5-vNdnyQ,English,Mixed / General Storytelling
https://www.youtube.com/@wildweststoriescorner,UCbFPjDgNQVIdX9LEqlRTkmw,English,Old West & Cowboy Tales
https://www.youtube.com/@wildwest_archives,UCxBO-I4srMbsumhPIKLsJEw,English,Old West & Cowboy Tales
https://www.youtube.com/@echoesofthewildwest-f5d,UCggq9o1_gl2V-UIr1HCHkfg,English,Old West & Cowboy Tales
https://www.youtube.com/@WildWestTalesk9y,UC0JplYyfi0zAQYCiGxCb8LA,English,Old West & Cowboy Tales
https://www.youtube.com/@wildwesternstoriestales,UCeAEy1ESkCsJcTXgjpzcKNw,English,Old West & Cowboy Tales
https://www.youtube.com/@wildwestlegends11,UCbV6R3QOb_cn52FjGJXh72g,English,Old West & Cowboy Tales
https://www.youtube.com/@WildFrontierStories-k9y,UChSd-0IMjsjOQHNmMEFfYgQ,English,Old West & Cowboy Tales
https://www.youtube.com/@wildwest-tales,UCkQpyg-_TCBLD_wyLRvrHVA,English,Old West & Cowboy Tales
https://www.youtube.com/@thewildwestsaga,UCiUH1PGpJvIiY3-LFzug3rw,English,Old West & Cowboy Tales
https://www.youtube.com/@wildwestmemories,UCsHqiG3SR-LeCAdkPWh_B7Q,English,Old West & Cowboy Tales
https://www.youtube.com/@gunsmoketruth,UCK4g-d4en3uVzq3KpJylT0w,English,Old West & Cowboy Tales
https://www.youtube.com/@americanstoriesnetwork,UCsIbsNTBeo_IzITKTNkKICw,English,Milfs
https://www.youtube.com/@mrstorytelling-d2u,UCteuvDVWE9RbKjnK0low45w,English,Old West & Cowboy Tales
https://www.youtube.com/@sleepwest,UCD3D-E1scU5hdj1VB4Yb7Vg,English,Sleep
https://www.youtube.com/@marshalldteach-w1z,UC7DJzv7NyZZQneu664uFcQw,English,Old West & Cowboy Tales
https://www.youtube.com/@wildwesttales-r6h,UCvwbV_-h9EfRDZHULc0ODZg,English,Old West & Cowboy Tales
https://www.youtube.com/@TheLastFrontierTales-l9w,UCFRYTnr3Ha3MHCAk5dtoA7w,English,Old West & Cowboy Tales
https://www.youtube.com/@storiesfromwildwest,UChySaxs1R5SpeUDXyBRuNHw,English,Old West & Cowboy Tales
https://www.youtube.com/@wildwest1876,UCyMT9AGBsVst2YI0lMg6qyQ,English,Old West & Cowboy Tales
https://www.youtube.com/@wandererofwest,UC9IbcBY37y4NrCZ3Kv2p3Xg,English,Old West & Cowboy Tales
https://www.youtube.com/@wwchronicles2,UCv7BjpeU0LukMesHshwHa7g,English,Old West & Cowboy Tales
https://www.youtube.com/@untoldstorieswideweststories,UC_Oon6Z7KBKKBnznKvhQk1w,English,Old West & Cowboy Tales
https://www.youtube.com/@heartoftheweststories,UC-KwRoWN4arKc62EdinIp8w,English,Old West & Cowboy Tales
https://www.youtube.com/@legends_of_the_old_west,UCvbJbJkS12K911wZ4Lm5yAw,English,Old West & Cowboy Tales
https://www.youtube.com/@lonesomecowboytales,UC4Se7P3U4U_svl6Y9IrDX1A,English,Old West & Cowboy Tales
https://www.youtube.com/@wildwestfolks,UCGJL418xxsbuQmo1dliyGLw,English,Old West & Cowboy Tales
https://www.youtube.com/@westernstoriesreborn,UC8-HC_w6stfVhaJdpfsSVIA,English,Old West & Cowboy Tales
https://www.youtube.com/@gunsdust,UC2k5pt1xtaZgGKs7mm_mlew,English,Mixed / General Storytelling
https://www.youtube.com/@EpicWestStories-q1l,UCnXhCgPy43IDAm0KBjXdQoA,English,Old West & Cowboy Tales
https://www.youtube.com/@westernlovestory-d5w,UC5YrZYMW0BOt_ARu7rJdpEQ,English,Old West & Cowboy Tales
https://www.youtube.com/@WhispersofHope-u8q,UCOutGMRsteg8oXaANvjJIdw,English,Mixed / General Storytelling
https://www.youtube.com/@WildWestChronicles45,UCNa9wSEHHQ3hEBI8kB4SqUw,English,Old West & Cowboy Tales
https://www.youtube.com/@cowboychronicles03,UC-uuA9aHyz45abZoGY0Cx3w,English,Old West & Cowboy Tales
https://www.youtube.com/@wildweststories9,UCc1ovXFbR6p-X8VdUBfrXvg,English,Old West & Cowboy Tales
https://www.youtube.com/@IronwoodNarratives,UCTlCy088SSJTCCmNQv6UpqQ,English,Old West & Cowboy Tales
https://www.youtube.com/@therealoldwest,UCfNRMTDo1MxG7peOADrXaGw,English,Old West & Cowboy Tales
https://www.youtube.com/@MichaelStoneStories,UCmYS3wLDTCTdLTV_3ZMa9fg,English,Mixed / General Storytelling
https://www.youtube.com/@heartbeatsoflove-u6c,UCyjMbfW1KC_nlRK75I8VC_g,English,Romance/Love
https://www.youtube.com/@LegendsoftheWildWest8386,UC0hfTK4zUsM3bBlnTYlhyMg,English,Old West & Cowboy Tales
https://www.youtube.com/@catlandsai,UC8o3PgGeFCP8Ded6n9_3NDg,English,Animal & Pet Stories
https://www.youtube.com/@truelovechronicles-yt,UCIBjIRsyvsCbZgwIhXi5eJQ,English,Romance/Love
https://www.youtube.com/@olivertv-m6j,UChV0929HPpad4fa0FOB383Q,English,Emotional
https://www.youtube.com/@empathytalesyt,UCnfYv6_BeNSMo0Y6zwEaEHQ,English,Emotional
https://www.youtube.com/@whisperwoodstories1121,UCmFPWQSey1yzNka-W-g4Gnw,English,Single Dad/Single Mom
https://www.youtube.com/@omanoman-w1r8g,UC9SeWxIHYDgOYU303jxP5Wg,English,Mixed / General Storytelling
https://www.youtube.com/@FortuneTalesyt,UCnbKMYAGSOKhtnmDDJFkNGw,English,Billionaire
https://www.youtube.com/@singledadstories,UCBljACrdDYk_3U90rMms21w,English,Single Dad/Single Mom
https://www.youtube.com/@goldenstrongerlovestory,UCI7mtXMz9WY7aHSd-mN98Rg,English,Romance/Love
https://www.youtube.com/@singledadsstories,UCfmDiJZ7S9kwb2siygdgvqQ,English,Mixed / General Storytelling
https://www.youtube.com/@oneheartstories_0,UCTOZuIkU_OuBe-CtmnmY6fA,English,Single Dad/Single Mom
https://www.youtube.com/@storyoffatefulencounter,UC4-sRQiBMZQXhHz2lZTxeIQ,English,Single Dad/Single Mom
https://www.youtube.com/@thestoryhaven-u5s,UCco_HEdIVVyIhpqbzQt9hEA,English,Billionaire
https://www.youtube.com/@fatefulencountersus,UC02biqbRE6nk6qxa--Yx4Zg,English,Emotional
https://www.youtube.com/@mosleystories,UC6XCPIm0xcrxBP8pVM26bog,English,Billionaire
https://www.youtube.com/@inspireiq25,UCWFAxRpZA2AJQFM0qpcCvYQ,English,Mixed / General Storytelling
https://www.youtube.com/@randih89,UC-2Y7wTN7zbmaDtwBQ5rbdg,English,Emotional
https://www.youtube.com/@kindnessreallife,UCYONp0Z0KG4LWMpQ6B3imnw,English,Emotional
https://www.youtube.com/@thstoriesreal,UCt1Arqvyl6AaSuNCLCujHZQ,English,Single Dad/Single Mom
https://www.youtube.com/@SingleDadDiary-G9,UCxQPHwRHB-UuW51ORpRKzVA,English,Single Dad/Single Mom
https://www.youtube.com/@heartilytalk,UCGH6fp2y6NHl2ErUjqwEfxw,English,Single Dad/Single Mom
https://www.youtube.com/@heartwarmingtales4you,UCdMaN7FAUZYDUi22PB4OUuw,English,Mixed / General Storytelling
https://www.youtube.com/@breakingboudariestales,UCxys7EbuFbb4xpYGvA_MVFQ,English,Emotional
https://www.youtube.com/@soulchroniclesmedia,UCFY0xjXuqIkf-4hCzxf_ijg,English,Single Dad/Single Mom
https://www.youtube.com/@caringnarrativesstories,UCOPj_gcRic-C9lmvqN3R1SA,English,Mixed / General Storytelling
https://www.youtube.com/@moonlitstoriesss,UCQ-PtgGeeYVCoun8b65WnfA,English,Mixed / General Storytelling
https://www.youtube.com/@actsofheart-q8z,UCFcEcPTpZhwdsVZ_uAi83HQ,English,Mixed / General Storytelling
https://www.youtube.com/@phuongmai2-b2,UC60gO5yZ9sgeFMaMvYh--Dg,English,Milfs
https://www.youtube.com/@koyastories,UCSzAls1DB-csiFHJw0uWWCw,English,Mixed / General Storytelling
https://www.youtube.com/@lonedadstories,UCDLCBMyqSkou8sIWMLHrI2A,English,Mixed / General Storytelling
https://www.youtube.com/@truestoryy19,UCDa_tT7Nb24_yyOw6VcwzdA,English,Mixed / General Storytelling
https://www.youtube.com/@restoringfaithinpeople,UCLLMb2eujJBrd0BEEQMixPQ,English,Emotional
https://www.youtube.com/@soul-stringstories0007-w9w,UCNO93HmcRTyVrOa5pLdUXyQ,English,Mixed / General Storytelling
https://www.youtube.com/@dadofkindness,UC6nqJSwTYE-d5DOaTMRZLxQ,English,Mixed / General Storytelling
https://www.youtube.com/@StoriestoFallinLovewith-i7s,UCtvyP3-d-UX2YabTVelYSWg,English,Romance/Love
https://www.youtube.com/@SingleDadsCorner,UCCKMXaZVOY0nK3XOFoG4-ag,English,Single Dad/Single Mom
https://www.youtube.com/@phuongmai2b1,UCSUdlLHK2u3NwtC9yJvJsYQ,English,Milfs
https://www.youtube.com/@kindnesstales-v5f,UCsM6YjXuNNGpM6ygg-ri45w,English,Mixed / General Storytelling
https://www.youtube.com/@storiesimpressive-123,UCmEVDdXstpdvMYx34G7tUEw,English,Mixed / General Storytelling
https://www.youtube.com/@strugglingdadtales,UC8lJNmOQT2Zz7ML-OAlLPkg,English,Mixed / General Storytelling
https://www.youtube.com/@my-stories-voi,UCDNyaRvh3t3xnoOrzOEgLZw,English,Mixed / General Storytelling
https://www.youtube.com/@storyflowyt,UCE_VLNgk7Tp0HbTFl0XQFmA,English,Mixed / General Storytelling
https://www.youtube.com/@midnighttostars,UCEIneDQHAkAn9uyDv-4YdWA,English,Mixed / General Storytelling
https://www.youtube.com/@SoulStirringTales80,UC5QvEKTDQN1X2vhLTHQ2erw,English,Mixed / General Storytelling
https://www.youtube.com/@lightofkindness-k3f,UC6sGnvCkqnPCp77Hrz2yqcQ,English,Mixed / General Storytelling
https://www.youtube.com/@silentheartbeats-z9w,UCg2e9GCsOJPh2NYUArXQAIw,English,Mixed / General Storytelling
https://www.youtube.com/@SoulboundStories-b1,UC5aM6Ue-fsos3LIcStzv4CQ,English,Mixed / General Storytelling
https://www.youtube.com/@softhearts_stories,UCAVONixTHFTVfKtTu-FiiAg,English,Mixed / General Storytelling
https://www.youtube.com/@the_stirring_soul_stories,UCBy0UBofCavPNhFE0u7RN0w,English,Mixed / General Storytelling
https://www.youtube.com/@never-thesame,UCCJnqKQnwja3pKnNV_fQUfw,English,Mixed / General Storytelling
https://www.youtube.com/@AfricanTalesByChizo,UC0IEAn0nkhE0zJn74IACskA,English,African Folktales
https://www.youtube.com/@amber_halo,UCpNS-jhohAizAOFFWr5c9qw,English,Mixed / General Storytelling
https://www.youtube.com/@bingelemon-7,UCnqBbPSzM5vgCMrix0KdqiQ,English,Mixed / General Storytelling
https://www.youtube.com/@aurora-98k,UC5wLOl78s9ESYeHWPcuhRzg,English,Mixed / General Storytelling
https://www.youtube.com/@VPTales,UCK1_oXFhZfc69S-UfB6dKhQ,English,Mixed / General Storytelling
https://www.youtube.com/@NightBloodTales,UChlYJe9pO7iHK7UwKTlZ6wA,English,Vampires
https://www.youtube.com/@VampireTales-e8g,UCiIbXlWMNSL3WCGl20vvLVQ,English,Vampires
https://www.youtube.com/@simpletales-q1p,UCqFw6z3UNNY06GwZE3OrcBw,English,Mixed / General Storytelling
https://www.youtube.com/@ForbiddenWhisper,UCEHDQJINgXKRibsupBLrNxQ,English,Mixed / General Storytelling
https://www.youtube.com/@theromanticmiracles,UCgCivZ5RusCfCJ6Zl3aQqIA,English,Mixed / General Storytelling
https://www.youtube.com/@justtales-i6t,UCuMqh9zaPvic3vzmyMKamuw,English,Mixed / General Storytelling
https://www.youtube.com/@blackconflict,UCjssmt2lrCZZjHcnMzy_JSg,English,Mixed / General Storytelling
https://www.youtube.com/@heartverse1,UC4oVwk5JsG1wolw0bVeW3_g,English,Mixed / General Storytelling
https://www.youtube.com/@viralheartbeats-d3y,UCtXbSjOHa2JVA14Cs3F1gBA,English,Mixed / General Storytelling
https://www.youtube.com/@afrikantalesbychinny,UCS4sNHlMNlrEjUy0c9ftcaw,English,Mixed / General Storytelling
https://www.youtube.com/@thestory.central,UCUMbfCYSXAej-wTJYW1EMNA,English,Mixed / General Storytelling
https://www.youtube.com/@kindnesscreate,UCBUrs6GhUJmq5ep-Ac5w3Ug,English,Mixed / General Storytelling
https://www.youtube.com/@soulfultalesstories1,UCpqJSRYw5_72C1q0OL_HXDw,English,Mixed / General Storytelling
https://www.youtube.com/@adamtales05,UCOd1NSiIttpXhePCRa8-rGA,English,Mixed / General Storytelling
https://www.youtube.com/@africantalesbychi-z3f,UCRXYc_tE4BBLkGkjS2hHv-w,English,African Folktales
https://www.youtube.com/@lifenarratedstories,UCLoIlJ3aOWlVhqVX6EZ_cKA,English,Mixed / General Storytelling
https://www.youtube.com/@chintu-chinki_ki-comedy-z2f,UCwhq_mQu0tEk7ZIwsP2gYuw,English,Mixed / General Storytelling
https://www.youtube.com/@shadow_ofkindness,UCFaslGSvrzmLQrvtZ1PM9wA,English,Mixed / General Storytelling
https://www.youtube.com/@touchofhumanity-e4m,UCO6tDz2X3phMbp7Ef9KhQWA,English,Mixed / General Storytelling
https://www.youtube.com/@echotalespire,UCmcI1QZi38LY8kZGVVbeCnQ,English,Mixed / General Storytelling
https://www.youtube.com/@storiesofkindness2,UCKw91c0GSPg0nIO2JBlrZlw,English,Mixed / General Storytelling
https://www.youtube.com/@truetunevoices,UCchfyVo7yFx_IKdXxYP0Bfw,English,Mixed / General Storytelling
https://www.youtube.com/@kindheartsstories-t5h,UC7zTxUiORqNKB4ooZJ6FWVg,English,Mixed / General Storytelling
https://www.youtube.com/@folktalebydammy-1,UCSvcyBReK0-kKWWaigN1kbA,English,African Folktales
https://www.youtube.com/@spoiledgrapes,UCnScIOhbogsaR_brp11o4aw,English,Mixed / General Storytelling
https://www.youtube.com/@silentemotions-n7y,UC4JT0PThAMhR-Ym1S8_RRwQ,English,Mixed / General Storytelling
https://www.youtube.com/@hidden.heroine1004,UCIS7hNYqaioxNdwdnJVHEMQ,English,Mixed / General Storytelling
https://www.youtube.com/@RealEmotionalTales,UCe6VhW4deY8pNlXeNkOKGoQ,English,Emotional
https://www.youtube.com/@dailywarmth,UCP8c4VSi-OJQPOxqNVMMvQw,English,Emotional
https://www.youtube.com/@talesunleashed0,UC1tcxKD1rQUCwrhDFHQqKJQ,English,Mixed / General Storytelling
https://www.youtube.com/@shocktales-1,UCdvVTyU7aMwXDObdQY6ZmMA,English,Mixed / General Storytelling
https://www.youtube.com/@heartstirringstories,UCXYmpLDwhhTIhoE0IojqR-A,English,Mixed / General Storytelling
https://www.youtube.com/@hopehallways,UC68JrRii5yCKFG7aMs81r9A,English,Mixed / General Storytelling
https://www.youtube.com/@bloodmoontalesofc,UC97u4gCDBAG6YdVrmE3kTow,English,Mixed / General Storytelling
https://www.youtube.com/@sparkle-drama,UCkJvKyH3F1M4TGEaKjZArMw,English,Mixed / General Storytelling
https://www.youtube.com/@talequest1472,UCYZUYu06zJl0gOS4SdJJ7jw,English,Mixed / General Storytelling
https://www.youtube.com/@timelesstruestoriestv,UCbiUblfi8DRP6-MZyCtm9hw,English,Mixed / General Storytelling
https://www.youtube.com/@soultales-z5k,UCgKfhE0-FOdgiJnOYxviVdw,English,Mixed / General Storytelling
https://www.youtube.com/@soulfulheart_story,UCJOOroDtB1EPjM4Eqr3DNpg,English,Mixed / General Storytelling
https://www.youtube.com/@voices_unburied,UCfDqFipqFFTxDk0I5bgraZA,English,Mixed / General Storytelling
https://www.youtube.com/@epictwiststories99-d1p,UCPygv9ggxwZ0ACz3IaK5QIg,English,Mixed / General Storytelling
https://www.youtube.com/@fancikostories01,UCpMAwzxj2gFNQVNWu4dBgXQ,English,Mixed / General Storytelling
https://www.youtube.com/@kindsoulsstories,UCokPU-CZi-B2KUKjauhtmIQ,English,Mixed / General Storytelling
https://www.youtube.com/@zzstoriesreal,UCKp6Uc8gzAQxk62OoL9LXUA,English,Mixed / General Storytelling
https://www.youtube.com/@awakeningstories_365,UCyPMxzuY_LY_ENP8UrV5gmQ,English,Mixed / General Storytelling
https://www.youtube.com/@hopelifestories,UCZxvcCx3Okv3uKbQmr8g8Og,English,Mixed / General Storytelling
https://www.youtube.com/@VampireTales1,UCs3KHVrg5CXGZpNwfgEPtCg,English,Vampires
https://www.youtube.com/@relaxstoryht,UCMvSEhGFuH-6BSUngYCq-eA,English,Mixed / General Storytelling
https://www.youtube.com/@AlerysLoveStories,UCpaDKLrw4lmrzORauJA9Y7A,English,Vampires
https://www.youtube.com/@beyondtaleschannel,UCX6whBmC0wOabxWiOjPw5cw,English,Mixed / General Storytelling
https://www.youtube.com/@livedtruths,UCzbfw5bWPEd7IlUZTumK_aQ,English,Mixed / General Storytelling
https://www.youtube.com/@manhwawithdavis,UCZxjoyflRRCcE0vAMFeAFFw,English,Mixed / General Storytelling
https://www.youtube.com/@theapplefanguy,UC4gMW_i9ne1b2bDZm7scO_w,English,Mixed / General Storytelling
https://www.youtube.com/@werewolfdiaries,UCO9OC_8Z5fwKmKm3qPxT4cg,English,Werewolf
https://www.youtube.com/@elizabethromancecollections,UCGGbBo-sFLlDF1I_Bk2Sq_Q,English,Romance/Love
https://www.youtube.com/@romancelibrary1,UC8irBkofhSFuJsdbMpXHOUA,English,Romance/Love
https://www.youtube.com/@moonlightromancelibrary,UCPupEYnRZW4Mni2tfxPiKQw,English,Romance/Love
https://www.youtube.com/@Packlovestories,UCv2N5biIowzvEonfv_x2D1A,English,Werewolf
https://www.youtube.com/@lovebeyondtheshiftxo,UCg3OD2V8GYKOtMLgRoTfOUA,English,Werewolf
https://www.youtube.com/@miraromancelibrary,UCx04ycpK4bjbf2K5EzxWfog,English,Romance/Love
https://www.youtube.com/@miraromancelibrary,UCx04ycpK4bjbf2K5EzxWfog,English,Werewolf
https://www.youtube.com/@romanceandbondlibrary,UCehxm_79dWgtkT1fe_aH-Qg,English,Romance/Love
https://www.youtube.com/@selenesshifter,UCqjlLP4TQQoTVxaAjDjaOJQ,English,Mixed / General Storytelling
https://www.youtube.com/@romance-chronicles,UCdBp0l_gaTw24DD3mAV_bkQ,English,Romance/Love
https://www.youtube.com/@MoonboundHearts-j1n,UCuSG-Ffc3kQpYxBXcc09UMg,English,Mafia Boss
https://www.youtube.com/@everswoon,UCpkNX47-do_7_UlqxU-YwAg,English,Mixed / General Storytelling
https://www.youtube.com/@tinasromancelibrary,UCkXyA1axroBdwL4WPOgbGNg,English,Romance/Love
https://www.youtube.com/@clarissaromancecollections,UCmHeDDIu3WTAnJWqCm8yVdg,English,Romance/Love
https://www.youtube.com/@alphasbond25,UCUMCtYji9PQSEb372E7f5QA,English,Mixed / General Storytelling
https://www.youtube.com/@lunaromancelibrary,UCsOi8eTkc9UMzgT-qA_E8iQ,English,Romance/Love
https://www.youtube.com/@linaromancelibrary-501,UCGUnWNgp7ZUJCwCjUgJZPrQ,English,Romance/Love
https://www.youtube.com/@lyrasromanceaudiobook,UC9DPx-aKjCl-iWSi2JCKXkw,English,Romance/Love
https://www.youtube.com/@thealphasromancelibrary,UCGSW53TClcY0ACfHweDJlUw,English,Romance/Love
https://www.youtube.com/@mimiromancelibrary,UCi9T-8mX2FoPckJx3SY2tXw,English,Romance/Love
https://www.youtube.com/@seleneromancecollections,UCjWpU5FK3yphBsimogifRPw,English,Romance/Love
https://www.youtube.com/@thekingsromance,UCbNcXcBRuzoAik8AYCpL1yw,English,Romance/Love
https://www.youtube.com/@moonlitrs,UCtjvOiJKXBz0wbXGnAsPDoA,English,Werewolf
https://www.youtube.com/@authorsloane,UCFM5BnNHVjzNgTJnzIRc5Cg,English,Mixed / General Storytelling
https://www.youtube.com/@lounaromancecollections,UCzrc7UJZXl1SLlsXvz6aJvA,English,Romance/Love
https://www.youtube.com/@ninas-love-stories,UCup6wJwvzFvpOXuarpWZO8A,English,Romance/Love
https://www.youtube.com/@werewolfwhisperslibrary,UCUvLRupQWFwhnFhimwQi_PQ,English,Werewolf
https://www.youtube.com/@campromanceaudiobook,UCXtsqBCoXdUsQQc-LFHsZKA,English,Romance/Love
https://www.youtube.com/@graceywerewolfbank,UCUldMBc7qT0AWeMiAIqB7lw,English,Werewolf
https://www.youtube.com/@LunarbornChronicles,UCvD71eEh_t39s-3JuRvIRAQ,English,Werewolf
https://www.youtube.com/@Alpha-King-Collection,UCZgmpsDy-14o0f7TCLhJzYg,English,Mixed / General Storytelling
https://www.youtube.com/@chloesromance,UC_xWeZqjEk36NpZAWDc7UzA,English,Romance/Love
https://www.youtube.com/@lilywritesstuff,UCdqTXO6-UJmxfJ8G3fpBNJg,English,Werewolf
https://www.youtube.com/@crimsonmoonstories,UCkNOVrBnG9k-uyThrU7S6Ow,English,Werewolf
https://www.youtube.com/@sharonsferalfantasies,UC9Ne-XkEzwdWheSC2pfkLYA,English,Werewolf
https://www.youtube.com/@unwaveringstories,UCXEFNy2h-3GlFrpp6XdtIPQ,English,Werewolf
https://www.youtube.com/@romance-k7m,UCg_4I4OcTJOzmX_1lVm3AOQ,English,Romance/Love
https://www.youtube.com/@katherineromancecollections,UCKiCnLxW8tJmqCIHW0WhizQ,English,Romance/Love
https://www.youtube.com/@nightrootwhispers,UC6DkjsiBWdTQmWTsS5wk-uA,English,Mixed / General Storytelling
https://www.youtube.com/@roselineromancechronicles,UC0LyN45AHVETaj0gRIXsxDA,English,Romance/Love
https://www.youtube.com/@mary-romance-library,UC4m2rr-7NdV7GljKRNEjb_Q,English,Romance/Love
https://www.youtube.com/@YYRomanceLibrary,UCuDmzjm-kdt2N5vkdEChGPA,English,Romance/Love
https://www.youtube.com/@janesromancecollections,UC84h5uk7sUXDAO-1gfgGYaw,English,Romance/Love
https://www.youtube.com/@queenofshortstories,UCPR7j599agKPU6UKZG2ZkIQ,English,Mixed / General Storytelling
https://www.youtube.com/@karenwerewolfromancecollection,UC5ZdoxCUwRk1ReWQfwg7L8w,English,Werewolf
https://www.youtube.com/@thealphaslibrary,UChneKLMDUr-OUaBLfMjeIng,English,Werewolf
https://www.youtube.com/@storiesunraveled-v2u,UC_qmm__YS7K8BBSP0cr6oYA,English,Werewolf
https://www.youtube.com/@fatedbloodtales,UC55RRXc3OxEWBMcNGX-00mw,English,Werewolf
https://www.youtube.com/@sageslovestories,UCwZi5jQ2qbtYFP3dv3z18qQ,English,Romance/Love
https://www.youtube.com/@RiseoftheAlphaKing,UCcojFa9Flw81fTOFQr_sTFg,English,Werewolf
https://www.youtube.com/@YarasRomanceLibrary,UCqyjUu1cS8E4aHO5x_ZZmaw,English,Romance/Love
https://www.youtube.com/@thebrokensword,UCScfG2CfbSh_LUzkGJ_p-aA,English,Mixed / General Storytelling
https://www.youtube.com/@fairlyfictional,UCg7nFwgTpuUvJ2wZKiOJVog,English,Mixed / General Storytelling
https://www.youtube.com/@officialworldsexplored,UCzIv3COf1bGdQ7eTUU5nNIw,English,HFY
https://www.youtube.com/@SecretUnravelled,UCAOhalp7no_tmr2Eyp1E3lQ,English,HFY
https://www.youtube.com/@thevalinorarchives,UC6k126Ptwk9Kxz05ziwS-rQ,English,HFY
https://www.youtube.com/@the.lore.seeker,UCdR6cGmkTXntRZ44YAaWDZg,English,Sleeping Lore
https://www.youtube.com/@morganstoryman,UCuqZxWpY_bECULTliFEjWzg,English,Mixed / General Storytelling
https://www.youtube.com/@fellowshipofthelore,UCrE1Ddu_KaeOwP-dQzDCiUw,English,Mixed / General Storytelling
https://www.youtube.com/@caldrinthewizard,UCIAf9nPgzOA1ja3TNHb1uXQ,English,Mixed / General Storytelling
https://www.youtube.com/@allaboutmiddleearth,UCMyS0aYONhyUhh5g9aBBXqQ,English,Mixed / General Storytelling
https://www.youtube.com/@nnesfolktales,UCSHBWsCi6E-b6SbGBRfK4Zg,English,African Folktales
https://www.youtube.com/@echoesofafricanfolktales-n7z,UC1gPdKRv6EXRQ_dxEGhERbQ,English,African Folktales
https://www.youtube.com/@africanfolktalesandepic,UCsxnxeYcDVyxNnZ1xH8Br7Q,English,African Folktales
https://www.youtube.com/@folktalesbyefua,UC6-gMzX6zDnVuzAlACkLKyA,English,African Folktales
https://www.youtube.com/@africantalesbyomalicha,UCkC4Jkz5jeSHcBUa2RC3XnQ,English,African Folktales
https://www.youtube.com/@africanechoesbyenkay,UCOuGsOTeNDO-d8GC45tTpeA,English,African Folktales
https://www.youtube.com/@africantalesretold,UC7vtoVGBWeCDj6QmNWk9Gwg,English,African Folktales
https://www.youtube.com/@africantalesbyuchi,UCMZ40f-llOL52OYmyHHB7sw,English,African Folktales
https://www.youtube.com/@folktalestoriesbyoge,UCH5p8KxSewUv87Kv1zOn-uw,English,African Folktales
https://www.youtube.com/@africanfolktalesnneka,UCzKzm7jdSF_-fsefxtpCfFg,English,African Folktales
https://www.youtube.com/@africantalesbyruth,UC1NT-mSu6t85coaCzPFAdOw,English,African Folktales
https://www.youtube.com/@africantalesbymuni,UCP9ZRQR8F_5yrW7RVHFBg4g,English,African Folktales
https://www.youtube.com/@folktalesbychinelo,UC1CKcASCvgnLlKzVD9cLciA,English,African Folktales
https://www.youtube.com/@africantalebyhope,UCKWgW_eYibh476_HjgsyhCA,English,African Folktales
https://www.youtube.com/@africanfolktaleserieswithogen,UCKRe-HWy-ROZROapS-w9gIA,English,African Folktales
https://www.youtube.com/@taleswithjen,UCtMsm3Ag0dr3gOed-L8Ftlw,English,African Folktales
https://www.youtube.com/@onyestoriesandfolktales,UCUGga6TnLEFJ5FmL9v93oMg,English,African Folktales
https://www.youtube.com/@storiesuntoldblack,UCUJlzUVhY0H38cRPasHzZrg,English,African Folktales
https://www.youtube.com/@ifediorahmichaelsegun,UCmgXVX5UUwVpz3G9mTKIGGg,English,African Folktales
https://www.youtube.com/@nativeafricantalesandfables,UCD8p1dt2yiImLP36FMdp7hA,English,African Folktales
https://www.youtube.com/@viralfolktalesstories,UCDk3DIhwf3k2DDulFHuALOg,English,African Folktales
https://www.youtube.com/@africantalesbynkechi,UCAX8HL6iQj3hZQXKapLAUFQ,English,African Folktales
https://www.youtube.com/@talesbyonyii,UCpOX_wdaQV5WGxIPhp_l_rA,English,African Folktales
https://www.youtube.com/@myfolktaletv,UCMe1aiHiK_2GyVezy-8KKJg,English,African Folktales
https://www.youtube.com/@afritalestories,UCboOW-bd4PNB4DwVjYOxiDQ,English,African Folktales
https://www.youtube.com/@ndosfolktalestories-r7e,UCrBNhWnWlcfYF6SbMGP6Imw,English,African Folktales
https://www.youtube.com/@naijafolktales,UCK9E8p8waqs_AwqsLIPZDKw,English,African Folktales
https://www.youtube.com/@folktalesarmageddon,UCAL7qpTir9i0taIGqyMDWJw,English,African Folktales
https://www.youtube.com/@africantalesbyns,UCcbZW08uy4vEtR9FfZRrghQ,English,African Folktales
https://www.youtube.com/@helenfairytales2023,UCvymP3sjUP5c4rD1VvGz2BA,English,Mixed / General Storytelling
https://www.youtube.com/@dehoneststories,UCEIq7fOdFgIWQ0Qql2R80TA,English,Mixed / General Storytelling
https://www.youtube.com/@africantalesbytindi,UC8OWlkndzbG8hmtWIdP7mFQ,English,African Folktales
https://www.youtube.com/@zeesfolktales,UC4Ce6eWxyseVNbQIIOrjDqw,English,African Folktales
https://www.youtube.com/@twisttales247,UCg10FSqqTXRjc-JvlqFPImw,English,Mixed / General Storytelling
https://www.youtube.com/@queenamastales,UCDi-Fes7Mdxpg03iIMiElwA,English,African Folktales
https://www.youtube.com/@africanfolktale,UCsc7HEoCFD-DDqnXoa3Nwkw,English,African Folktales
https://www.youtube.com/@BrainLabbyDr.AndrewHuberman,UCXU8iwqeGGYHEzO0c--UUMw,English,African Folktales
https://www.youtube.com/@talesbyprosper,UCX4otz-n2OKPcr-gAW9rooQ,English,African Folktales
https://www.youtube.com/@angelchukwutales,UCtrXcn53Sm7U3euqE3DZLHg,English,African Folktales
https://www.youtube.com/@africanfolktalemoments,UC5r0pHAQ7TMA-zhUznMYsSw,English,African Folktales
https://www.youtube.com/@redditrevengestories12,UC6l8oY8ryDXSEKf8waYg8XA,English,Reddit Stories
https://www.youtube.com/@ashasambientaiart,UCI5akWREeXpfW8T3UmdkWPA,English,AI Music
https://www.youtube.com/@channelaimusic,UC0XAGCaPV4mABgwdxFrvwPg,English,AI Music
https://www.youtube.com/@aiarmysun,UC78VS9_oNkdITQ8fUnq7EAQ,English,Veterans
https://www.youtube.com/@symbioverseai,UCT5I_chQ_d_jdpfM6Yr3HKQ,English,+18
https://www.youtube.com/@digitalromance123,UCwWetlZoWEE2CCq1sp4tHOA,English,Romance/Love
https://www.youtube.com/@radioreddit-tts,UCb4jJ7Ov7rrz6nE-3StyLvw,English,Reddit Stories
https://www.youtube.com/@talesfromreddit3015,UCzgF48ETHg1eW51T-uX8u3w,English,Reddit Stories
https://www.youtube.com/@everyreddit2645,UCVmtS2Ynyneyx0WzoNrAqWw,English,Reddit Stories
https://www.youtube.com/@theparanormal24222/videos,UCSi4JPo1kRJhfRyEYSFVx1A,English,Horror
https://www.youtube.com/@r-radioreddit,UCb-C5awnBl5aPYhZcnz6qUw,English,Reddit Stories
https://www.youtube.com/@rottingreddit,UChvJLguhpu-NpLCLjOiLjAw,English,Reddit Stories
https://www.youtube.com/@redditstoryhour,UCoKr07dLYLsI_9BTcbmvJCQ,English,Reddit Stories
https://www.youtube.com/@justredditstories94,UCQ3PlJri_jnVuRH1ispNbVQ,English,Reddit Stories
https://www.youtube.com/@peopleofredditofficial,UCtsDwItDs-tB-RuI3rd7baA,English,Reddit Stories
https://www.youtube.com/@redditjar,UCzRNNGCb7E6hZY940emlefQ,English,Reddit Stories
https://www.youtube.com/@reddittopstories2615,UCW4fAR8O1myzlbm0Mr7dFhw,English,Reddit Stories
https://www.youtube.com/@captainreddit9737,UCEsJ9ANQwCslteJHls5qrjw,English,Reddit Stories
https://www.youtube.com/@redditcubed,UCXy1uHYQ9kOw_VaKDFvDxWA,English,Reddit Stories
https://www.youtube.com/@redditvalley3569,UCxGdREaUPyJWQnnYs_eJ8Fw,English,Reddit Stories
https://www.youtube.com/@redditcatch2812,UC4vaByCdTGINTTHez2B-vdQ,English,Reddit Stories
https://www.youtube.com/@redditaskboss,UCRxCQDSNh3uCGMMz0uENv3A,English,Reddit Stories
https://www.youtube.com/@reddit.raccoon,UCzPC1z2BK69EtpO4joLM0_w,English,Reddit Stories
https://www.youtube.com/@redditscreepiest3697,UCtpr3-qwbbmDshsUDafSx5g,English,Reddit Stories
https://www.youtube.com/@hdredditreads265,UCrtr94HU0AMn_Ct56A89i3Q,English,Reddit Stories
https://www.youtube.com/@redditguys,UC4vaByCdTGINTTHez2B-vdQ,English,Reddit Stories
https://www.youtube.com/@nightmareonredditstreet,UCp8H3Bz5XhMY5hdnBjIvD6g,English,Reddit Stories
https://www.youtube.com/@redditdose1986,UClgEQVZUpqpNhVojPOE6hCA,English,Reddit Stories
https://www.youtube.com/@rippedfromreddit7932,UCGK4eNEfceqliid_97tsuTQ,English,Reddit Stories
https://www.youtube.com/@tastymood,UCJ4ZcWO6zm0WXCLPVFKSq6Q,English,Reddit Stories
https://www.youtube.com/@curated_reddit,UCN2erTobr42eN-NlqiPK6yQ,English,Reddit Stories
https://www.youtube.com/@radioreddits,UCorGeYukaM4RNW0QbpLiJnA,English,Reddit Stories
https://www.youtube.com/@redditwarrior8316,UC392cCIw3dZd227-6sPpOIg,English,Reddit Stories
https://www.youtube.com/@askhubtv,UCNAS7jLvVZGAQ1pGexP6tgw,English,Reddit Stories
https://www.youtube.com/@redditnarrator1,UCzrfCjHydRVvCjONalm5gjg,English,Reddit Stories
https://www.youtube.com/@have_you_reddit,UChnS9fubjSO1oiKHLPKG7Kw,English,Reddit Stories
https://www.youtube.com/@rawer-reddit,UCdnGALd6I6MZy3chfHxDacg,English,Reddit Stories
https://www.youtube.com/@ttsbroadcast-askreddit7307,UC3DIHBUzExIUkXJo0mKj6kA,English,Reddit Stories
https://www.youtube.com/@arreddit9546,UC73dakMVTb6rmznh3CH5jKw,English,Reddit Stories
https://www.youtube.com/@thecommentking,UC05PyugFGWHCjH8rIqEeoxg,English,Reddit Stories
https://www.youtube.com/@sourcream.reddit,UCQ5ujMEfw0eZT8yHjhJNbaQ,English,Reddit Stories
https://www.youtube.com/@agentreddit9745,UCzMH5K9pE-Ve_qus1ZbxHDg,English,Reddit Stories
https://www.youtube.com/@todayreddit3611,UCCa4zV_SWlFGl1BnvpZ3GEg,English,Reddit Stories
https://www.youtube.com/@realmobstories,UCThEEDAqCwctSPGyFx5XLbA,English,Mafia Boss
https://www.youtube.com/@mafiataless,UCg5QkuHU8Yx2MPtTZd3v-rA,English,Mafia Boss
https://www.youtube.com/@topmafia101,UCkSewuulk7fLu_zxK4uUIKg,English,Mafia Boss
https://www.youtube.com/@mafiacrimestories,UCFyPw7Puomk5wwa33KexnpQ,English,Mafia Boss
https://www.youtube.com/@MafiaFilesYT,UCP5p1NK552h71Dhk8Wkgc4Q,English,Mafia Boss
https://www.youtube.com/@underworlddiaryy,UCheIQJPSBqZSwH_9u9ApUCg,English,Mafia Boss
https://www.youtube.com/@mafia.ai1,UCChJnSKn_PJuZRevk4pX42Q,English,Mafia Boss
https://www.youtube.com/@mafiacrimefiles,UCPHaBogQCkFjRzZPzK6sJ0g,English,Mafia Boss
https://www.youtube.com/@life.of.a.gangster,UCLfMYOeWw2n3508FHhU-g4Q,English,Mafia Boss
https://www.youtube.com/@underworld_chronicles,UCBYa96pXdqu_b2xpD15CU3Q,English,Mafia Boss
https://www.youtube.com/@mysterioushistory-n7,UCpyIofuW3dR6oPVf5_xAnxg,English,History & Hidden Truths
https://www.youtube.com/@themobfiles-p7i,UCnaPS79ei-V3bQQqn6loxSg,English,Mafia Boss
https://www.youtube.com/@mafiacrimesecrets,UCPHaBogQCkFjRzZPzK6sJ0g,English,Mafia Boss
https://www.youtube.com/@neuronix.aistudio,UC7eQ-uyCDm8MTInJD5cm_Rg,English,AI Music
https://www.youtube.com/@TheTwistVault,UCmb_aVLCU2e4Eus-YXYqVqw,English,+18
https://www.youtube.com/@sophiaswerewolfchronicles,UCiZKYRnRl5vcGQtEmbmSOGA,English,Werewolf
https://www.youtube.com/@isabellahartley99,UCIBUnItEW_EQgr7bMlsGQjA,English,Werewolf
https://www.youtube.com/@minister8077,UCAtkFMr15w7cAJNdEpjLtGg,English,Werewolf
https://www.youtube.com/@lirasromances,UCLAqzBNN9xTYEvEO5ytKRMQ,English,Romance/Love
https://www.youtube.com/@cindyromancestories,UCJdznHYWXlDMJJzcGSwZvIg,English,Romance/Love
https://www.youtube.com/@anniesromance,UCQ6sGBfT6X7CixDNtR-npCA,English,Romance/Love
https://www.youtube.com/@moonlitpassions,UCiKbabE54SXrGMKPdWGPtIg,English,Werewolf
https://www.youtube.com/@alphas_library,UC2cyrGmJwT0NqJYGQ5Boh2Q,English,Werewolf
https://www.youtube.com/@loversofthemoon,UChPOJBRiYL7roYp7qi9gnLA,English,Romance/Love
https://www.youtube.com/@lunarlovetales,UCzHxTet-3nzhPBPP7AApk_A,English,Romance/Love
https://www.youtube.com/@EvieMoonsRomance,UCZZzdxT4i6wBCOM9k5jqwiA,English,Romance/Love
https://www.youtube.com/@Miras_Romance_Library,UCQ3Op75w0w9vLpFmmOvK3aA,English,Romance/Love
https://www.youtube.com/@romantasyshelfiecollections,UC59nHlcE-uBzdhj0iUKbJlw,English,Werewolf
https://www.youtube.com/@lunarromancelibrary,UCjJRzPc56QI_7k8d7Jr-Fuw,English,Romance/Love
https://www.youtube.com/@LunaRomanceCollections,UCoUTQbO2gEw22zGTf58sdig,English,Romance/Love
https://www.youtube.com/@lisafantasystories,UCeTa3iF8-jWp_Eyx4kZXHzg,English,Werewolf
https://www.youtube.com/@RayaRomanceLibrary,UCtEiv2tP2v_V8FmS6rI84YA,English,Romance/Love
https://www.youtube.com/@lyrablakeromancecollections,UC5tEmF8RUumwmUYGu1FaQbg,English,Romance/Love
https://www.youtube.com/@velvetletters01,UCNo21JL6LWbHyA62V0ykVpQ,English,Werewolf
https://www.youtube.com/@sophiesromacecollection,UCIBNaaADi4GEtEOsjzx1CpA,English,Werewolf
https://www.youtube.com/@graceslibrary1,UCcvcWZ1pdvWTz2X9p_6TiMQ,English,Werewolf
https://www.youtube.com/@halleyromancecollection,UCiXyHkfoPl1AffQgt-9LRbQ,English,Romance/Love
https://www.youtube.com/@moonlitpublishing,UCOxgF9NkuMKyV7NQ5jwPSJg,English,Werewolf
https://www.youtube.com/@ariawrites,UCh0uu_INWPS5ScmUDffYlPw,English,Vampires
https://www.youtube.com/@beastwithinstoriesofficail,UCQLLr-2Puev_0dEnZDHa3Eg,English,Mixed / General Storytelling
https://www.youtube.com/@moonlightfangs,UCJ39fkZDb94g-BnOdbkuQeA,English,Mixed / General Storytelling
https://www.youtube.com/@lenaslovestories,UCpFqVkG_Eitx8XL-Hs-JSbQ,English,Romance/Love
https://www.youtube.com/@werewolfshifterromanceusa,UCEQNOfgon3wLehLOg8k-0LA,English,Werewolf
https://www.youtube.com/@iloveromancestories,UCBzR6QlT3ajISbIm5r-wkzw,English,Romance/Love
https://www.youtube.com/@fated5wolvespublishing,UCudr2wxY-A0MNt5IkgFwYAQ,English,Werewolf
https://www.youtube.com/@romancenovels88,UCGST4ONwxaHc53nmEXmDPpg,English,Romance/Love
https://www.youtube.com/@serenasromance,UC45Rfo4ZYkWa6Z9-lDcOmvA,English,Romance/Love
https://www.youtube.com/@fictionalnovelstolive,UCp-WaXRpJRzKoQDlEKEvSfg,English,Werewolf
https://www.youtube.com/@thesnowbunnylibrary,UCEozT-ehXgjG-dkK_V7AI8Q,English,Werewolf
https://www.youtube.com/@tundralune,UCLGZvacqyF0dh-kCLR5mRLA,English,Werewolf
https://www.youtube.com/@scarletromancelibrary,UCQhP9KkH8_w1lGmeamr_iYA,English,Romance/Love
https://www.youtube.com/@passionateheartbeats,UCQ-Aggdos4bBgOW1-kOq6VA,English,Werewolf
https://www.youtube.com/@RainsRomanceLibrary,UCUo5U7cBFyVzKIrvxUeEOWA,English,Romance/Love
https://www.youtube.com/@howlsofmidnightdesire,UCn2PXHr-3xrVefr7Y7NlauQ,English,Werewolf
https://www.youtube.com/@getsleepextra,UCRPPIiNWmTjAc2y7lMBgADg,English,Sleep
https://www.youtube.com/@werewolfromancebyhelen,UCvQKKIlMHpmX2VCoyiPU3cw,English,Werewolf
https://www.youtube.com/@Dark-Twisted-Tales,UC5W3soQXDpOyYfjBZlRSHng,English,Miscellaneous-Horror & Other Story Channels
https://www.youtube.com/@FablesofFae,UClhYNzILPF1_4VqlhxkaS5w,English,Werewolf
https://www.youtube.com/@MuhammadRashid-m7e1s,UCRULoZoqAwAnY2XKJB7qiMw,English,+18
https://www.youtube.com/@Infidelitynest-b2d,UCk9X--zZUSq8EVhfpC61sIg,English,+18
https://www.youtube.com/@STORYEXPOSED-j5c,UCPvjvAQ8lFGNcvzpRHZ1J-g,English,+18
https://www.youtube.com/@ANUMTALES,UCOISZ2DA6inbFjxrrcW0Ozg,English,+18
https://www.youtube.com/@LindaStory-y8v/videos,UCITFfosfXIsIwi4iTea6mcg,English,+18
https://www.youtube.com/@RevengeTimeShadow,UCpKTtUnISnB1RPa2PA5lyng,English,+18
https://www.youtube.com/@TrueFeelStories7/videos,UCPWWqGamWBFLXg-mOTY-mkw,English,+18
https://www.youtube.com/@LolitasInfoHub/videos,UCFRniFJ01xqxO4i3G0yNfxA,English,+18
https://www.youtube.com/@MidnightConfessions232,UC8bq_mZXGaWI18gch2d4syQ,English,+18
https://www.youtube.com/@CheatedSouls,UCpdvSly67f3mBpNUi24r1GA,English,+18
https://www.youtube.com/@DiaryofSecrets-f6c,UCYS61jMXzXiFmEmtYefBTlA,English,+18
https://www.youtube.com/channel/UC7sf8uwOwJYSovg3__MbdfQ,UC7sf8uwOwJYSovg3__MbdfQ,English,AI Compilations
https://www.youtube.com/channel/UCB0S4pPtLRUWYBXZJv4Qb-Q,UCB0S4pPtLRUWYBXZJv4Qb-Q,English,AI Compilations
https://www.youtube.com/@BetweenOrderChaosYT,UCtMUaovjVV4B-VhDKyKPcHQ,English,AI Compilations
https://www.youtube.com/@naturaldisastershub/videos,UCGkfqBKsqDG7Ee-rDnSlZCA,English,AI Compilations
https://www.youtube.com/@TerraNovaShock/videos,UCjN4Su69D7h57StOvS7pAng,English,AI Compilations
https://www.youtube.com/@Disaster-filess/videos,UCzy5JioIVM2OgGPD9MYvatg,English,AI Compilations
https://www.youtube.com/@StormyMuse_Official/videos,UC3YTIlrIG_14zUxea4yqUMA,English,AI Compilations
https://www.youtube.com/@kellyeld2323,UCfXg6PpmyP6c1h4vuerWUhw,English,AI Music
https://www.youtube.com/@yenra/videos,UCnTyk7oiuERX7TEbgGIgQ_g,English,AI Music
https://www.youtube.com/@BillionaireRomanceAudiobooks1/videos,UCzFxvydKAhIIp3YSyh4IpEA,English,Romance/Love
https://www.youtube.com/@millionairelovestory-x5v,UCfmocArVUL4un0QZmM36-Sw,English,Romance/Love
https://www.youtube.com/@MidnightSleepCrime/videos,UCUx13s1sA-m9wa9uRQEGIwA,English,Crime
https://www.youtube.com/@CozyCrimeStories,UCqrhSm3m83buxJuo3Pd7oOA,English,Crime
https://www.youtube.com/@mr.nightscared/videos,UC5O04z9_HKfFvJ7tx3p4_fA,English,Crime
https://www.youtube.com/@mrcrimeforsleep,UCog_3D0OStFG84tzsfwUXgA,English,Crime
https://www.youtube.com/@Chilling_Lullabies,UC3w5tDiRjqSMoAColDF6xkg,English,Miscellaneous-Horror & Other Story Channels
https://www.youtube.com/@sleepwithyoupt,UC2jKZ_lvLrR-Q8r9a_z8AZQ,English,Crime
https://www.youtube.com/@ashnechostories/videos,UCPBTb_Qf_E-1pmRMBbPgWyA,English,Miscellaneous-Horror & Other Story Channels
https://www.youtube.com/@MidnightSleepCrime/videos,UCUx13s1sA-m9wa9uRQEGIwA,English,Sleep
https://www.youtube.com/@CozyCrimeStories,UCqrhSm3m83buxJuo3Pd7oOA,English,Sleep
https://www.youtube.com/@mr.nightscared/videos,UC5O04z9_HKfFvJ7tx3p4_fA,English,Sleep
https://www.youtube.com/@mrcrimeforsleep,UCog_3D0OStFG84tzsfwUXgA,English,Sleep
https://www.youtube.com/@sleepwithyoupt,UC2jKZ_lvLrR-Q8r9a_z8AZQ,English,Sleep
https://www.youtube.com/@UnknownWhispers-x1o/videos,UCC8jAloh4KND0OvEB3o25GQ,English,Miscellaneous-Horror & Other Story Channels
https://www.youtube.com/@humansemotionalstories,UC_522XynsiO60YNmBNhKsjg,English,Veterans
https://www.youtube.com/@talesofrealhistory,UCWslF6OBJGJbC085uILBgpQ,English,Sleeping Lore
https://www.youtube.com/@ashnechostories/videos,UCPBTb_Qf_E-1pmRMBbPgWyA,English,Sleep
https://www.youtube.com/@StoriesintheShadowsDM,UCYl7CpSDt7VSUBetOTNE0Wg,English,Miscellaneous-Horror & Other Story Channels
https://www.youtube.com/@MidnightHorror11/videos,UCmbZotTNgewiLxiJpErXOZw,English,Miscellaneous-Horror & Other Story Channels
https://www.youtube.com/@MidnightHorror11/videos,UCmbZotTNgewiLxiJpErXOZw,English,Sleep
https://www.youtube.com/@YakuzaTales,UCmayGLOKiCny-j3KXHqgb6Q,English,Mafia Boss
https://www.youtube.com/@SoulStirringStories,UCn3hWodlgKyWnAJJd7uotsw,English,Billionaire
https://www.youtube.com/@VeteransValor,UC9jS-RVJoDQIHlMDzbJjsbg,English,Veterans
https://www.youtube.com/@BlackThreadYT,UC0jK9uTVSfnu6WHj5tP5SDQ,English,Veterans
https://www.youtube.com/@CosmicFrontiers12,UCVIF3rWMuEQVreZiSs27nwg,English,HFY
https://www.youtube.com/@HorsebackStories/videos,UCF-kTiIbObq1svevT4kjFGg,English,Animal & Pet Stories
https://www.youtube.com/@wildheartsstoriesandlove,UCoPyMUoRRHdDFAwYQnqd_YQ,English,Animal & Pet Stories
https://www.youtube.com/@hoa_exposed,UCb1k0G_MPahYLj9k_blfB1w,English,HOA & Neighborhood Drama
https://www.youtube.com/@CheatingChronicles-q5j,UCPZZlWANomnFCTfEgOp8Rmg,English,Milfs
https://www.youtube.com/@Dark-Twisted-Tales,UC5W3soQXDpOyYfjBZlRSHng,English,Vampires
https://www.youtube.com/@MoonlightChroniclesOfficial,UCB-goZ3EvNxpPmP1flFy3Jg,English,Werewolf
https://www.youtube.com/@sophiaswerewolfchronicles,UCiZKYRnRl5vcGQtEmbmSOGA,English,Werewolf
https://www.youtube.com/@StoriesOfTheImperium ,UCd0bpDPneRPLHeZXh8Jxxpg,English,Sleeping Lore
https://www.youtube.com/@whisperedsleepsaga ,UCVW9JjKUJNTXZDJhDw-6gvQ,English,Sleeping Lore
https://www.youtube.com/@Dreamspell_tales/videos ,UC3j_nlKySNHH6NtY6pvmr9A,English,Sleeping Lore
https://www.youtube.com/@CampfireDunedain ,UC67zM6OoMcIiF_PWhxmkhHQ,English,Sleeping Lore
https://www.youtube.com/@RealmsUnravelled/videos ,UCTGawHS-MUVEEKll4KIKQFg,English,Sleeping Lore
https://www.youtube.com/@TalesOfTheRing/videos ,UClWO5_vMr6fhGhvz16Kmaog,English,Sleeping Lore
https://www.youtube.com/@StoriesoftheRings/videos ,UCgfBiekIGLfUUmZS43yFW1w,English,Sleeping Lore
https://www.youtube.com/@LEGENDSOFMIDDLE-EARTH/videos ,UCi2PX-aQj9D04e8khad9skA,English,Sleeping Lore
https://www.youtube.com/@ExplainedMoments/videos ,UChPvhx6MxiEBEwWWXZ09dxA,English,Sleeping Lore
https://www.youtube.com/@Darth66YT ,UCX6VJR_EvjqBUsQ0vH4gtDg,English,Sleeping Lore
https://www.youtube.com/@loredocumentaries/videos,UCdXJn1-UxoHrCtQt3Fwr-kA,English,Sleeping Lore
https://www.youtube.com/@TheKarazhanLibrary/videos ,UCU8vspfJiffiIT64qqiciJQ,English,Sleeping Lore
https://www.youtube.com/@VaticanMysteriesForSleep ,UCBMrXzImBieuxhSoRHEWIDQ,English,Sleep
https://www.youtube.com/@SleepyScientistStories13.8 ,UC25LwAdYAEtDtr8TMTQZ5KQ,English,Sleep
https://www.youtube.com/@UniverseBeforeSleep ,UCjkmAJjVHzsb-rTuwJOdVng,English,Sleep
https://www.youtube.com/@SleepOnScience ,UC-TjVEuwB5EwpA4k8XQulag,English,Sleep
https://www.youtube.com/@CartoonologyYT,UCBe59zqEo4gJkWP2cWOuR_g,English,Sleep
https://www.youtube.com/@elizabethromancecollections,UCGGbBo-sFLlDF1I_Bk2Sq_Q,English,Werewolf
https://www.youtube.com/@lovebeyondtheshiftxo,UCg3OD2V8GYKOtMLgRoTfOUA,English,Romance/Love
https://www.youtube.com/@romanceandbondlibrary,UCehxm_79dWgtkT1fe_aH-Qg,English,Werewolf
https://www.youtube.com/@linaromancelibrary-501,UCGUnWNgp7ZUJCwCjUgJZPrQ,English,Werewolf
https://www.youtube.com/@mimiromancelibrary,UCi9T-8mX2FoPckJx3SY2tXw,English,Werewolf
https://www.youtube.com/@ninas-love-stories,UCup6wJwvzFvpOXuarpWZO8A,English,Werewolf
https://www.youtube.com/@chloesromance,UC_xWeZqjEk36NpZAWDc7UzA,English,Werewolf
https://www.youtube.com/@YYRomanceLibrary,UCuDmzjm-kdt2N5vkdEChGPA,English,Werewolf
https://www.youtube.com/@cindyromancestories,UCJdznHYWXlDMJJzcGSwZvIg,English,Werewolf
https://www.youtube.com/@Venganzawar,UCxKljfC5ZiiAhEkBFTg9YIQ,Spanish,Veterans
https://www.youtube.com/@Destinos-Historias,UCM_Yjlbo16tOZvPQBS78Kig,Spanish,Veterans
https://www.youtube.com/@growforjustice,UC-g4mrFDHiKI-KK5pg7P_xQ,English,Veterans
https://www.youtube.com/@RedditFamilyTales,UCnMVSY3IbyRtYGSWF867Ycg,English,Reddit Stories
https://www.youtube.com/@LifeBeyondSeen ,UCkq5m34pWsYCeDFI-O3M5yA,English,Documentary
https://www.youtube.com/@talesofrealhistory ,UCWslF6OBJGJbC085uILBgpQ,English,Documentary
https://www.youtube.com/@TemplarMysteriesForSleep ,UCaBNCqaoeX8RGdsKY9fZbNA,English,Documentary
https://www.youtube.com/@AncientHistorySecrets-x7e ,UCsikI8rD-9vromtaPHKKPVw,English,Documentary
https://www.youtube.com/@AncestorVault/videos ,UCUmhCN_c4DeyOdpJntsaFfQ,English,Documentary
https://www.youtube.com/@MythicalArcana/videos ,UCbgDTQWjIFkSzI45S4KPOog,English,Documentary
https://youtube.com/@backtoww2-ww2?si=eJPHV1NP-PTcs1j9,UCvEfdnpeVxBFYxQ1quTTpdA,English,Documentary
https://www.youtube.com/@Koralis0/videos,UCy0gIm268c1eUgAYJyA3lbw,English,Documentary
https://www.youtube.com/@WW2Tales,UCVDS-cjZZIWPjL5fdXSMywQ,English,Documentary
https://www.youtube.com/@SoulStirringStories,UCn3hWodlgKyWnAJJd7uotsw,English,Single Dad/Single Mom
https://www.youtube.com/@BraveNarrativesYT,UC1Zi3OJekG3sUdFHwqkp_GA,English,Mixed / General Storytelling
https://www.youtube.com/channel/UCP4yOFI8vhD5RZoIXjG2Nlw,UCP4yOFI8vhD5RZoIXjG2Nlw,English,African Folktales
https://www.youtube.com/@TALESBYVELVET/videos,UC-0IphKenbTuNnus_IF-Q5Q,English,Mafia Boss
https://www.youtube.com/@BibleStoriies/videos,UCC0AJ_NoUOq5718yK4_ehBw,English,Celebs
https://www.youtube.com/@BibleStoriies/videos,UCC0AJ_NoUOq5718yK4_ehBw,English,Religius Spiritual
https://www.youtube.com/@BlackBibleTruths/videos,UCaKnnuLFI_zA8DC4Z80AxUQ,English,Religius Spiritual
https://www.youtube.com/@BlackBibleTruths/videos,UCaKnnuLFI_zA8DC4Z80AxUQ,English,Celebs
https://www.youtube.com/@EchoesofScriptureYT,UCgzALr8a5GH7E4-ouRlF_1g,English,Religius Spiritual
https://www.youtube.com/@ForbiddenGospel-v5t/videos,UCtE4gO9Q4t0khVSykieZdKQ,English,Religius Spiritual
https://www.youtube.com/@thebiblestoryteller88/videos,UC7bORpBRXLLHInx6qE0NFjw,English,Religius Spiritual
https://www.youtube.com/@EchoesoftheNazarene/videos,UCktw2cLiydyJFEDmVLhNeSw,English,Religius Spiritual
https://www.youtube.com/@inspireiq25,UCWFAxRpZA2AJQFM0qpcCvYQ,English,Celebs
https://www.youtube.com/@fatedbloodtales,UC55RRXc3OxEWBMcNGX-00mw,English,Vampires
